INSERT INTO [raca_profissao] ([id_raca],[id_profissao]) VALUES (1,1);
INSERT INTO [raca_profissao] ([id_raca],[id_profissao]) VALUES (1,2);
INSERT INTO [raca_profissao] ([id_raca],[id_profissao]) VALUES (1,3);
INSERT INTO [raca_profissao] ([id_raca],[id_profissao]) VALUES (1,4);
INSERT INTO [raca_profissao] ([id_raca],[id_profissao]) VALUES (1,5);
INSERT INTO [raca_profissao] ([id_raca],[id_profissao]) VALUES (1,6);
INSERT INTO [raca_profissao] ([id_raca],[id_profissao]) VALUES (2,1);
INSERT INTO [raca_profissao] ([id_raca],[id_profissao]) VALUES (2,2);
INSERT INTO [raca_profissao] ([id_raca],[id_profissao]) VALUES (2,3);
INSERT INTO [raca_profissao] ([id_raca],[id_profissao]) VALUES (2,6);
INSERT INTO [raca_profissao] ([id_raca],[id_profissao]) VALUES (3,1);
INSERT INTO [raca_profissao] ([id_raca],[id_profissao]) VALUES (3,2);
INSERT INTO [raca_profissao] ([id_raca],[id_profissao]) VALUES (3,3);
INSERT INTO [raca_profissao] ([id_raca],[id_profissao]) VALUES (4,1);
INSERT INTO [raca_profissao] ([id_raca],[id_profissao]) VALUES (4,2);
INSERT INTO [raca_profissao] ([id_raca],[id_profissao]) VALUES (4,3);
INSERT INTO [raca_profissao] ([id_raca],[id_profissao]) VALUES (4,4);
INSERT INTO [raca_profissao] ([id_raca],[id_profissao]) VALUES (4,5);
INSERT INTO [raca_profissao] ([id_raca],[id_profissao]) VALUES (4,6);
INSERT INTO [raca_profissao] ([id_raca],[id_profissao]) VALUES (5,1);
INSERT INTO [raca_profissao] ([id_raca],[id_profissao]) VALUES (5,2);
INSERT INTO [raca_profissao] ([id_raca],[id_profissao]) VALUES (5,3);
INSERT INTO [raca_profissao] ([id_raca],[id_profissao]) VALUES (5,4);
INSERT INTO [raca_profissao] ([id_raca],[id_profissao]) VALUES (5,5);
INSERT INTO [raca_profissao] ([id_raca],[id_profissao]) VALUES (5,6);
INSERT INTO [raca_profissao] ([id_raca],[id_profissao]) VALUES (6,1);
INSERT INTO [raca_profissao] ([id_raca],[id_profissao]) VALUES (6,2);
INSERT INTO [raca_profissao] ([id_raca],[id_profissao]) VALUES (6,3);
INSERT INTO [raca_profissao] ([id_raca],[id_profissao]) VALUES (6,4);
INSERT INTO [raca_profissao] ([id_raca],[id_profissao]) VALUES (6,5);
INSERT INTO [raca_profissao] ([id_raca],[id_profissao]) VALUES (6,6);

INSERT INTO [raca] ([id],[nome],[image_file],[attr_int],[attr_aur],[attr_car],[attr_for],[attr_fis],[attr_agi],[attr_per],[velocidade_inicio],[energia_fisica],[altura_inicio],[peso_inicio],[idade_minima],[idade_maxima]) VALUES (1,'Humano','humano.png',0,0,0,0,0,0,0,18,14,177,77,16,25);
INSERT INTO [raca] ([id],[nome],[image_file],[attr_int],[attr_aur],[attr_car],[attr_for],[attr_fis],[attr_agi],[attr_per],[velocidade_inicio],[energia_fisica],[altura_inicio],[peso_inicio],[idade_minima],[idade_maxima]) VALUES (2,'Pequenino','pequenino.png',0,0,0,-2,1,2,1,12,11,114,30,16,25);
INSERT INTO [raca] ([id],[nome],[image_file],[attr_int],[attr_aur],[attr_car],[attr_for],[attr_fis],[attr_agi],[attr_per],[velocidade_inicio],[energia_fisica],[altura_inicio],[peso_inicio],[idade_minima],[idade_maxima]) VALUES (3,'Anão','anao.png',0,-1,0,1,2,-1,0,14,12,139,53,25,100);
INSERT INTO [raca] ([id],[nome],[image_file],[attr_int],[attr_aur],[attr_car],[attr_for],[attr_fis],[attr_agi],[attr_per],[velocidade_inicio],[energia_fisica],[altura_inicio],[peso_inicio],[idade_minima],[idade_maxima]) VALUES (4,'Elfo Florestal','elfoflorestal.png',1,0,0,0,-1,1,1,16,12,163,53,25,300);
INSERT INTO [raca] ([id],[nome],[image_file],[attr_int],[attr_aur],[attr_car],[attr_for],[attr_fis],[attr_agi],[attr_per],[velocidade_inicio],[energia_fisica],[altura_inicio],[peso_inicio],[idade_minima],[idade_maxima]) VALUES (5,'Elfo Dourado','elfodourado.png',1,1,1,-1,-1,1,0,16,12,163,53,25,300);
INSERT INTO [raca] ([id],[nome],[image_file],[attr_int],[attr_aur],[attr_car],[attr_for],[attr_fis],[attr_agi],[attr_per],[velocidade_inicio],[energia_fisica],[altura_inicio],[peso_inicio],[idade_minima],[idade_maxima]) VALUES (6,'Meio-elfo','meioelfo.png',0,0,1,0,0,0,0,17,13,168,69,25,100);

INSERT INTO [profissao] ([id],[nome],[image_file],[descricao],[moedas_cobre],[energia_heroica],[pontos_habilidade],[pontos_arma],[pontos_combate],[penalidade_habilidade_grupo],[especialidade_habilidade],[atributo_magia],[id_magia_grupo]) VALUES (1,'Guerreiro','guerreiro.png','Guerreiros fazem a guerra.',5,18,14,7,7,7,-1,-1,-1);
INSERT INTO [profissao] ([id],[nome],[image_file],[descricao],[moedas_cobre],[energia_heroica],[pontos_habilidade],[pontos_arma],[pontos_combate],[penalidade_habilidade_grupo],[especialidade_habilidade],[atributo_magia],[id_magia_grupo]) VALUES (2,'Ladino','ladino.png','Ladinos fazem ladinagem.',5,12,22,7,7,-1,-1,-1,-1);
INSERT INTO [profissao] ([id],[nome],[image_file],[descricao],[moedas_cobre],[energia_heroica],[pontos_habilidade],[pontos_arma],[pontos_combate],[penalidade_habilidade_grupo],[especialidade_habilidade],[atributo_magia],[id_magia_grupo]) VALUES (3,'Sacerdote','sacerdote.png','Sacerdote oram.',5,12,12,5,4,5,-1,2,3);
INSERT INTO [profissao] ([id],[nome],[image_file],[descricao],[moedas_cobre],[energia_heroica],[pontos_habilidade],[pontos_arma],[pontos_combate],[penalidade_habilidade_grupo],[especialidade_habilidade],[atributo_magia],[id_magia_grupo]) VALUES (4,'Mago','mago.png','Magos fazem mágica.',5,6,12,5,4,6,-1,0,4);
INSERT INTO [profissao] ([id],[nome],[image_file],[descricao],[moedas_cobre],[energia_heroica],[pontos_habilidade],[pontos_arma],[pontos_combate],[penalidade_habilidade_grupo],[especialidade_habilidade],[atributo_magia],[id_magia_grupo]) VALUES (5,'Rastreador','rastreador.png','Rastreadores seguem trilhas.',5,15,14,5,4,4,-1,6,1);
INSERT INTO [profissao] ([id],[nome],[image_file],[descricao],[moedas_cobre],[energia_heroica],[pontos_habilidade],[pontos_arma],[pontos_combate],[penalidade_habilidade_grupo],[especialidade_habilidade],[atributo_magia],[id_magia_grupo]) VALUES (6,'Bardo','bardo.png','Bardos contam histórias.',5,9,16,5,4,-1,-1,2,2);

INSERT INTO [personagem_magia] ([id_personagem],[id_magia],[nivel]) VALUES (9,1,1);
INSERT INTO [personagem_magia] ([id_personagem],[id_magia],[nivel]) VALUES (9,2,1);
INSERT INTO [personagem_magia] ([id_personagem],[id_magia],[nivel]) VALUES (9,3,1);

INSERT INTO [personagem_habilidade_especializacao] ([id],[id_personagem],[id_habilidade],[especializacao],[nivel]) VALUES (1,9,13,'Comum',1);
INSERT INTO [personagem_habilidade_especializacao] ([id],[id_personagem],[id_habilidade],[especializacao],[nivel]) VALUES (2,9,13,'Élfico',1);
INSERT INTO [personagem_habilidade] ([id_personagem],[id_habilidade],[nivel]) VALUES (8,1,1);
INSERT INTO [personagem_habilidade] ([id_personagem],[id_habilidade],[nivel]) VALUES (8,53,1);
INSERT INTO [personagem_habilidade] ([id_personagem],[id_habilidade],[nivel]) VALUES (8,54,1);
INSERT INTO [personagem_habilidade] ([id_personagem],[id_habilidade],[nivel]) VALUES (8,55,1);
INSERT INTO [personagem_habilidade] ([id_personagem],[id_habilidade],[nivel]) VALUES (9,1,1);
INSERT INTO [personagem_habilidade] ([id_personagem],[id_habilidade],[nivel]) VALUES (9,2,1);
INSERT INTO [personagem_habilidade] ([id_personagem],[id_habilidade],[nivel]) VALUES (9,13,0);
INSERT INTO [personagem_habilidade] ([id_personagem],[id_habilidade],[nivel]) VALUES (9,53,1);

INSERT INTO [personagem_equipamento] ([id_personagem],[id_equipamento],[quantidade]) VALUES (8,147,1);
INSERT INTO [personagem_equipamento] ([id_personagem],[id_equipamento],[quantidade]) VALUES (8,180,1);
INSERT INTO [personagem_equipamento] ([id_personagem],[id_equipamento],[quantidade]) VALUES (8,190,1);
INSERT INTO [personagem_equipamento] ([id_personagem],[id_equipamento],[quantidade]) VALUES (9,104,1);
INSERT INTO [personagem_equipamento] ([id_personagem],[id_equipamento],[quantidade]) VALUES (9,106,1);
INSERT INTO [personagem_equipamento] ([id_personagem],[id_equipamento],[quantidade]) VALUES (9,169,2);

INSERT INTO [personagem] ([id],[nome],[jogador],[image_file],[att_intelecto],[att_aura],[att_carisma],[att_forca],[att_fisico],[att_agilidade],[att_percepcao],[defesa_ativa],[defesa_passiva],[energia_heroica_maxima],[energia_heroica],[energia_fisica],[absorcao],[raca],[profissao],[especializacao],[nivel],[pontos_habilidade],[pontos_combate],[pontos_arma],[pontos_magia],[altura],[peso],[idade],[olhos],[cabelo],[pele],[aparencia],[divindade],[classe_social],[local_nascimento],[historia],[moedas_cobre],[moedas_prata],[moedas_ouro]) VALUES (1,'Rosencrantz','',NULL,0,0,0,0,0,0,0,NULL,NULL,NULL,NULL,NULL,NULL,1,6,NULL,4,NULL,NULL,NULL,NULL,NULL,NULL,NULL,NULL,NULL,NULL,NULL,1,'Livre',NULL,NULL,NULL,NULL,NULL);
INSERT INTO [personagem] ([id],[nome],[jogador],[image_file],[att_intelecto],[att_aura],[att_carisma],[att_forca],[att_fisico],[att_agilidade],[att_percepcao],[defesa_ativa],[defesa_passiva],[energia_heroica_maxima],[energia_heroica],[energia_fisica],[absorcao],[raca],[profissao],[especializacao],[nivel],[pontos_habilidade],[pontos_combate],[pontos_arma],[pontos_magia],[altura],[peso],[idade],[olhos],[cabelo],[pele],[aparencia],[divindade],[classe_social],[local_nascimento],[historia],[moedas_cobre],[moedas_prata],[moedas_ouro]) VALUES (2,'Guildenstern',NULL,NULL,NULL,NULL,NULL,NULL,NULL,NULL,NULL,NULL,NULL,NULL,NULL,NULL,NULL,1,2,NULL,4,NULL,NULL,NULL,NULL,NULL,NULL,NULL,NULL,NULL,NULL,NULL,7,NULL,NULL,NULL,NULL,NULL,NULL);
INSERT INTO [personagem] ([id],[nome],[jogador],[image_file],[att_intelecto],[att_aura],[att_carisma],[att_forca],[att_fisico],[att_agilidade],[att_percepcao],[defesa_ativa],[defesa_passiva],[energia_heroica_maxima],[energia_heroica],[energia_fisica],[absorcao],[raca],[profissao],[especializacao],[nivel],[pontos_habilidade],[pontos_combate],[pontos_arma],[pontos_magia],[altura],[peso],[idade],[olhos],[cabelo],[pele],[aparencia],[divindade],[classe_social],[local_nascimento],[historia],[moedas_cobre],[moedas_prata],[moedas_ouro]) VALUES (3,'Odin','Clever',NULL,3,2,2,1,2,1,1,NULL,NULL,NULL,NULL,NULL,NULL,1,1,NULL,1,NULL,NULL,NULL,NULL,NULL,NULL,NULL,NULL,NULL,NULL,NULL,10,NULL,NULL,NULL,NULL,NULL,NULL);
INSERT INTO [personagem] ([id],[nome],[jogador],[image_file],[att_intelecto],[att_aura],[att_carisma],[att_forca],[att_fisico],[att_agilidade],[att_percepcao],[defesa_ativa],[defesa_passiva],[energia_heroica_maxima],[energia_heroica],[energia_fisica],[absorcao],[raca],[profissao],[especializacao],[nivel],[pontos_habilidade],[pontos_combate],[pontos_arma],[pontos_magia],[altura],[peso],[idade],[olhos],[cabelo],[pele],[aparencia],[divindade],[classe_social],[local_nascimento],[historia],[moedas_cobre],[moedas_prata],[moedas_ouro]) VALUES (4,'Myau',NULL,NULL,NULL,NULL,NULL,NULL,NULL,NULL,NULL,NULL,NULL,NULL,NULL,NULL,NULL,5,4,NULL,1,NULL,NULL,NULL,NULL,NULL,NULL,NULL,NULL,NULL,NULL,NULL,12,NULL,NULL,NULL,NULL,NULL,NULL);
INSERT INTO [personagem] ([id],[nome],[jogador],[image_file],[att_intelecto],[att_aura],[att_carisma],[att_forca],[att_fisico],[att_agilidade],[att_percepcao],[defesa_ativa],[defesa_passiva],[energia_heroica_maxima],[energia_heroica],[energia_fisica],[absorcao],[raca],[profissao],[especializacao],[nivel],[pontos_habilidade],[pontos_combate],[pontos_arma],[pontos_magia],[altura],[peso],[idade],[olhos],[cabelo],[pele],[aparencia],[divindade],[classe_social],[local_nascimento],[historia],[moedas_cobre],[moedas_prata],[moedas_ouro]) VALUES (5,'Noah',NULL,NULL,NULL,NULL,NULL,NULL,NULL,NULL,NULL,NULL,NULL,NULL,NULL,NULL,NULL,2,3,NULL,2,NULL,NULL,NULL,NULL,NULL,NULL,NULL,NULL,NULL,NULL,NULL,NULL,NULL,NULL,NULL,NULL,NULL,NULL);
INSERT INTO [personagem] ([id],[nome],[jogador],[image_file],[att_intelecto],[att_aura],[att_carisma],[att_forca],[att_fisico],[att_agilidade],[att_percepcao],[defesa_ativa],[defesa_passiva],[energia_heroica_maxima],[energia_heroica],[energia_fisica],[absorcao],[raca],[profissao],[especializacao],[nivel],[pontos_habilidade],[pontos_combate],[pontos_arma],[pontos_magia],[altura],[peso],[idade],[olhos],[cabelo],[pele],[aparencia],[divindade],[classe_social],[local_nascimento],[historia],[moedas_cobre],[moedas_prata],[moedas_ouro]) VALUES (6,'Alis','',NULL,0,3,0,2,2,1,2,NULL,NULL,NULL,NULL,NULL,NULL,3,5,NULL,1,NULL,NULL,NULL,NULL,NULL,NULL,NULL,NULL,NULL,NULL,NULL,NULL,NULL,NULL,NULL,NULL,NULL,NULL);
INSERT INTO [personagem] ([id],[nome],[jogador],[image_file],[att_intelecto],[att_aura],[att_carisma],[att_forca],[att_fisico],[att_agilidade],[att_percepcao],[defesa_ativa],[defesa_passiva],[energia_heroica_maxima],[energia_heroica],[energia_fisica],[absorcao],[raca],[profissao],[especializacao],[nivel],[pontos_habilidade],[pontos_combate],[pontos_arma],[pontos_magia],[altura],[peso],[idade],[olhos],[cabelo],[pele],[aparencia],[divindade],[classe_social],[local_nascimento],[historia],[moedas_cobre],[moedas_prata],[moedas_ouro]) VALUES (7,'Thorin','joão',NULL,0,0,0,0,0,0,0,NULL,NULL,NULL,NULL,NULL,NULL,3,1,NULL,5,NULL,NULL,NULL,NULL,NULL,NULL,NULL,NULL,NULL,NULL,NULL,8,NULL,NULL,NULL,NULL,NULL,NULL);
INSERT INTO [personagem] ([id],[nome],[jogador],[image_file],[att_intelecto],[att_aura],[att_carisma],[att_forca],[att_fisico],[att_agilidade],[att_percepcao],[defesa_ativa],[defesa_passiva],[energia_heroica_maxima],[energia_heroica],[energia_fisica],[absorcao],[raca],[profissao],[especializacao],[nivel],[pontos_habilidade],[pontos_combate],[pontos_arma],[pontos_magia],[altura],[peso],[idade],[olhos],[cabelo],[pele],[aparencia],[divindade],[classe_social],[local_nascimento],[historia],[moedas_cobre],[moedas_prata],[moedas_ouro]) VALUES (8,'Tanagrim','Clever',NULL,1,1,2,0,1,2,1,6,5,19,19,12,20,1,1,2,1,14,7,7,0,185,80,26,'pretos','preto','clara','Bruto.',1,'Livre',0,'Saiu por aí até chegar lá.',8,4,1);
INSERT INTO [personagem] ([id],[nome],[jogador],[image_file],[att_intelecto],[att_aura],[att_carisma],[att_forca],[att_fisico],[att_agilidade],[att_percepcao],[defesa_ativa],[defesa_passiva],[energia_heroica_maxima],[energia_heroica],[energia_fisica],[absorcao],[raca],[profissao],[especializacao],[nivel],[pontos_habilidade],[pontos_combate],[pontos_arma],[pontos_magia],[altura],[peso],[idade],[olhos],[cabelo],[pele],[aparencia],[divindade],[classe_social],[local_nascimento],[historia],[moedas_cobre],[moedas_prata],[moedas_ouro]) VALUES (9,'Timothy','',NULL,2,3,1,0,0,1,1,6,5,6,6,12,16,1,4,22,1,12,5,4,7,177,72,17,'pretos','preto','clara','Franzino.',16,'Livre',0,'Estuda as artes mágicas.',4,1,0);

INSERT INTO [magia_magia_grupo] ([id_magia],[id_magia_grupo],[custo]) VALUES (1,25,1);
INSERT INTO [magia_magia_grupo] ([id_magia],[id_magia_grupo],[custo]) VALUES (5,2,3);
INSERT INTO [magia_magia_grupo] ([id_magia],[id_magia_grupo],[custo]) VALUES (5,4,2);
INSERT INTO [magia_magia_grupo] ([id_magia],[id_magia_grupo],[custo]) VALUES (5,26,1);
INSERT INTO [magia_magia_grupo] ([id_magia],[id_magia_grupo],[custo]) VALUES (35,4,2);
INSERT INTO [magia_magia_grupo] ([id_magia],[id_magia_grupo],[custo]) VALUES (35,24,1);
INSERT INTO [magia_magia_grupo] ([id_magia],[id_magia_grupo],[custo]) VALUES (70,3,2);
INSERT INTO [magia_magia_grupo] ([id_magia],[id_magia_grupo],[custo]) VALUES (70,11,1);
INSERT INTO [magia_magia_grupo] ([id_magia],[id_magia_grupo],[custo]) VALUES (70,12,1);
INSERT INTO [magia_magia_grupo] ([id_magia],[id_magia_grupo],[custo]) VALUES (70,13,1);
INSERT INTO [magia_magia_grupo] ([id_magia],[id_magia_grupo],[custo]) VALUES (70,22,1);
INSERT INTO [magia_magia_grupo] ([id_magia],[id_magia_grupo],[custo]) VALUES (70,23,1);
INSERT INTO [magia_magia_grupo] ([id_magia],[id_magia_grupo],[custo]) VALUES (71,3,1);
INSERT INTO [magia_magia_grupo] ([id_magia],[id_magia_grupo],[custo]) VALUES (71,15,1);
INSERT INTO [magia_magia_grupo] ([id_magia],[id_magia_grupo],[custo]) VALUES (71,16,1);
INSERT INTO [magia_magia_grupo] ([id_magia],[id_magia_grupo],[custo]) VALUES (71,17,1);
INSERT INTO [magia_magia_grupo] ([id_magia],[id_magia_grupo],[custo]) VALUES (71,18,1);
INSERT INTO [magia_magia_grupo] ([id_magia],[id_magia_grupo],[custo]) VALUES (71,21,1);

INSERT INTO [magia_grupo] ([id],[id_pai],[nome]) VALUES (1,-1,'Rastreadores');
INSERT INTO [magia_grupo] ([id],[id_pai],[nome]) VALUES (2,-1,'Bardos');
INSERT INTO [magia_grupo] ([id],[id_pai],[nome]) VALUES (3,-1,'Sacerdotes');
INSERT INTO [magia_grupo] ([id],[id_pai],[nome]) VALUES (4,-1,'Magos');
INSERT INTO [magia_grupo] ([id],[id_pai],[nome]) VALUES (5,1,'Trilha dos Caçadores');
INSERT INTO [magia_grupo] ([id],[id_pai],[nome]) VALUES (6,1,'Trilha dos Exploradores');
INSERT INTO [magia_grupo] ([id],[id_pai],[nome]) VALUES (7,1,'Trilha dos Guardiões');
INSERT INTO [magia_grupo] ([id],[id_pai],[nome]) VALUES (8,2,'Confraria dos Arautos');
INSERT INTO [magia_grupo] ([id],[id_pai],[nome]) VALUES (9,2,'Confraria dos Artistas');
INSERT INTO [magia_grupo] ([id],[id_pai],[nome]) VALUES (10,2,'Confraria dos Eruditos');
INSERT INTO [magia_grupo] ([id],[id_pai],[nome]) VALUES (11,3,'Ordem de Selimon');
INSERT INTO [magia_grupo] ([id],[id_pai],[nome]) VALUES (12,3,'Ordem de Sevides');
INSERT INTO [magia_grupo] ([id],[id_pai],[nome]) VALUES (13,3,'Ordem de Ganis');
INSERT INTO [magia_grupo] ([id],[id_pai],[nome]) VALUES (14,3,'Ordem de Parom');
INSERT INTO [magia_grupo] ([id],[id_pai],[nome]) VALUES (15,3,'Ordem de Crizagom');
INSERT INTO [magia_grupo] ([id],[id_pai],[nome]) VALUES (16,3,'Ordem de Crezir');
INSERT INTO [magia_grupo] ([id],[id_pai],[nome]) VALUES (17,3,'Ordem de Blator');
INSERT INTO [magia_grupo] ([id],[id_pai],[nome]) VALUES (18,3,'Ordem de Cruine');
INSERT INTO [magia_grupo] ([id],[id_pai],[nome]) VALUES (19,3,'Ordem de Cambu');
INSERT INTO [magia_grupo] ([id],[id_pai],[nome]) VALUES (20,3,'Ordem de Palier');
INSERT INTO [magia_grupo] ([id],[id_pai],[nome]) VALUES (21,3,'Ordem de Plandis');
INSERT INTO [magia_grupo] ([id],[id_pai],[nome]) VALUES (22,3,'Ordem de Lena');
INSERT INTO [magia_grupo] ([id],[id_pai],[nome]) VALUES (23,3,'Ordem de Maira');
INSERT INTO [magia_grupo] ([id],[id_pai],[nome]) VALUES (24,4,'Colégio Elemental');
INSERT INTO [magia_grupo] ([id],[id_pai],[nome]) VALUES (25,4,'Colégio Necromântico');
INSERT INTO [magia_grupo] ([id],[id_pai],[nome]) VALUES (26,4,'Colégio Ilusão');
INSERT INTO [magia_grupo] ([id],[id_pai],[nome]) VALUES (27,4,'Colégio Naturalista');
INSERT INTO [magia_grupo] ([id],[id_pai],[nome]) VALUES (28,4,'Colégio Alquímico');
INSERT INTO [magia_grupo] ([id],[id_pai],[nome]) VALUES (29,4,'Colégio Conhecimento');

INSERT INTO [magia] ([id],[nome],[descricao],[evocacao],[alcance],[duracao],[Nivel]) VALUES (1,'Assombração','Esta magia canaliza uma quantidade de energia negativa e as vincula a um ambiente fechado (casas, torres, castelos...) fazendo com que mortos-vivos incorpóreos (Fantasmas, Assombrações, Sombras, Espectros...) sejam atraídos para o local. A quantidade e o tipo de criaturas que irão assombrar o local dependem da quantidade de estágios de mortos-vivos que o efeito indicar, assim o efeito de dificuldade 8 poderá atrair 4 sombras menores (3+3+3+3=12) ou em vez disso apenas um espectro maior (12=12). O evocador não tem controle sobre o tipo de criatura que será atraída para o local (cabe ao mestre decidir quais criaturas serão atraídas para o local, de acordo com o número de estágios indicado no efeito).Caso uma pessoa que esteja no local assombrado morra, esta deverá fazer uma resistência à magia, em caso de falha será transformada em Assombração, e não poderá deixar o local até que o tempo de duração da magia se esgote.O custo do ritual é de 2 moedas de prata por nível de dificuldade. A quantidade de estágios de mortos-vivos que serão atraídos para o local varia com a dificuldade do efeito. A magia só funciona uma vez e quando um morto-vivo for esconjurado ou destruído ela não atrairá mais mortos-vivos. Enquanto existir um morto-vivo esta magia não poderá ser evocada novamente no mesmo lugar.','Ritual','Variável','1 ano e 1 dia',NULL);
INSERT INTO [magia] ([id],[nome],[descricao],[evocacao],[alcance],[duracao],[Nivel]) VALUES (2,'Abrigo','Permite que o evocador encontre abrigos relativamente seguros, dentro de uma área de 5 quilômetros de raio. Caso não haja nenhum abrigo na área, esta informação é obtida.Os abrigos encontrados serão seguros no que diz respeito a perigos ""ambientais"" (chuva, sol, inundações, desabamentos, terremotos, etc), mas não quanto a perigos ""vivos"" (ursos, Trols, dragões, etc). A quantidade de pessoas que pode ser abrigada varia com a dificuldade do feitiço, como indicado abaixo. Este encanto pode ser usado apenas em Ambiente Natural.','1 rodada','Pessoal','Instantânea',NULL);
INSERT INTO [magia] ([id],[nome],[descricao],[evocacao],[alcance],[duracao],[Nivel]) VALUES (3,'Ações Furtivas','Este feitiço facilita o uso da habilidade Ações Furtivas, reduzindo o Nível de Dificuldade da tarefa, podendo ser usado fora de ambiente natural. Note que apenas o efeito 9 afeta tarefas impossíveis.','Instantânea','Pessoal','1 uso',NULL);
INSERT INTO [magia] ([id],[nome],[descricao],[evocacao],[alcance],[duracao],[Nivel]) VALUES (4,'Aeroataque','Cria ventanias de grande força, mas pouca precisão (para precisão, veja o encanto Aeromanipulação). Os fortes ventos criados têm a capacidade de carregar, derrubar e/ou arrastar criaturas e objetos até certo peso.O vento se desloca na direção que o evocador apontar, na forma de uma faixa de 3 metros de largura, começando no místico e chegando até o alcance máximo. Para se tentar afetar alguém com este vento é preciso primeiro se obter um resultado de 50% ou mais em um ataque físico.Criaturas e objetos que estejam na área de efeito se enquadram em 3 categorias: aqueles que podem ser carregados, aqueles que podem ser derrubados e os que não podem ser afetados. A categoria a qual um objeto ou criatura pertence é determinada pelo seu peso e pela Dificuldade do Efeito que está sendo usado contra ele(a).A força do vento tem a capacidade de carregar coisas de peso relativamente pequeno, a não ser que haja um ponto de apoio fixo e força para se segurar. Criaturas nesta categoria que consigam se segurar não poderão fazer nenhuma ação enquanto este feitiço estiver em operação (isto é, além de se agarrar ao seu apoio). Objetos que estejam firmemente presos (por exemplo, cimentados ao chão) não são afetados.Objetos e criaturas que sejam carregados são arremessados cerca de 15 metros para trás e, no caso das criaturas, precisam gastar duas rodadas se recuperando e levantando. Caso haja uma superfície sólida na trajetória da queda de 15 metros citada acima (por exemplo, uma parede) o objeto ou criatura é tratado como se tivesse caído de 7 metros de altura. O Mestre do Jogo saberá como cuidar disto.Os que possuem um peso intermediário não podem ser carregados, embora possam ser derrubadas, não sofrendo nenhum dano (mas sendo levados para trás cerca de 3 metros) e, no caso das criaturas, as mesmas devem gastar uma rodada se recuperando e se levantando. Caso encontrem um ponto de apoio, elas não são derrubadas, mas não podem avançar contra o vento enquanto o feitiço estiver em ação.Seres que possuam uma grande massa não serão afetados por este encanto, não sofrendo qualquer efeito prático.','Instantânea','10 metros','1 rodada',NULL);
INSERT INTO [magia] ([id],[nome],[descricao],[evocacao],[alcance],[duracao],[Nivel]) VALUES (5,'Amizade','Esse encanto torna a vítima mais receptiva a idéias do evocador, caso ela falhe em sua Resistência à Magia.Conforme o poder do efeito, mais subserviente se torna a vítima, até o ponto em que sua personalidade se anula. Muitas vezes se falará sobre a índole do alvo da magia. Esta pode ser definida como o padrão de conduta. Fora da sua índole está tudo aquilo que ele não faria nem por um amigo. Se o evocador pedir a uma vítima desta magia, que roube algo ou mate alguém, ela somente atenderá o pedido se isso não contrariar sua índole. Sendo assim, mesmo que uma vítima que tenha boa índole considere o evocador como seu melhor amigo jamais matará alguém ou fará algo muito grave pelo evocador. Isso porque sua índole não permite fazer essas coisas nem mesmo por seu melhor amigo.Note que ao final do efeito a vítima se lembrará de tudo que fez e sentiu, por isso, existirão situações em que a vítima poderá perceber que foi enfeitiçada. Para perceber basta realizar um teste de percepção com nível de dificuldade determinado pelo mestre do jogo de acordo com a situação. Considera-se que quanto mais incomum for o comportamento da vítima durante o tempo em que esteve enfeitiçada, mais fácil será o teste para saber se foi enfeitiçada.','Instantânea','20 metros','Variável',NULL);
INSERT INTO [magia] ([id],[nome],[descricao],[evocacao],[alcance],[duracao],[Nivel]) VALUES (6,'Aeromanipulação','A magia Aeromanipulação permite o controle de substâncias gasosas que estejam a uma distância do evocador menor do que o alcance do feitiço.Este encanto pode ser usado para criar ventos dentro da área de efeito, podendo estes sair desta área. Neste caso, eles perderão a força gradualmente até pararem totalmente (da mesma forma que o vento causado por um ventilador diminui gradualmente, até parar). Além disso, o evocador perderá o controle sobre eles se estiverem além do Alcance.A força do vento permanece relativamente constante em todos os efeitos deste encanto. Um controle cada vez maior sobre o vento permite que o evocador crie uma série de efeitos muito interessantes. O vento tem a capacidade de mover até 30 quilogramas e de impedir que objetos ou criaturas que pesem até 100 quilogramas se movam velozmente contra ele (no máximo, se arrastam vagarosamente).','Instantânea','20 metros','30 rodadas',NULL);
INSERT INTO [magia] ([id],[nome],[descricao],[evocacao],[alcance],[duracao],[Nivel]) VALUES (7,'Alucinação','Esta magia afeta um ou mais sentidos de uma pessoa, fazendo com que ela sofra uma alucinação por algum tempo caso falhe na sua Resistência à Magia. A duração da alucinação e o número de sentidos afetados (tato, audição, visão, etc) dependem da dificuldade do efeito usado.Caso a vítima deste feitiço obtenha sucesso em sua Resistência à Magia ela não sofrerá nenhum efeito. Algumas vezes as alucinações causadas podem dar chance a vitima de perceber que o que ela está sentindo não é normal. Quando isto acontecer, a vítima tem direito a tentar uma Percepção difícil. Caso obtenha sucesso, saberá que não pode confiar em seus sentidos, mas continuará sob o efeito da magia. A evocação deste feitiço é muito discreta e, por isto, não pode ser percebida normalmente.A alucinação pode afetar o(s) sentido(s) escolhido(s) pelo evocador e tomará qualquer forma escolhida pelo mesmo, o evocador deverá apenas escolher o que ele deseja que a vítima perceba. Caso a vítima tenha falhado na sua Resistência à Magia, ela perceberá apenas aquilo que o evocador deseja que ela perceba.Enquanto a magia permanecer em operação, o evocador pode mudar o que ele deseja que os sentidos da vítima captem, desde que a vítima esteja dentro do alcance da magia e no campo de visão do evocador. Caso este se afaste da vítima além do alcance do feitiço ou perca a vítima de vista, esta continua percebendo (ou não percebendo) o que o evocador determinou até o fim da duração.O evocador pode desejar, por exemplo, que a vítima veja um terreno plano no lugar do abismo que se encontra à sua frente, que seus amigos são monstros, que não veja nem ouça o evocador e seu grupo passarem à sua frente, etc.Note que, como este encanto afeta a mente da vítima e não ondas de luz, etc, apenas a vítima perceberá a alucinação, devendo agir conforme as informações que lhe chegam.','Instantânea','20 metros','Variável',NULL);
INSERT INTO [magia] ([id],[nome],[descricao],[evocacao],[alcance],[duracao],[Nivel]) VALUES (8,'Análise','Esta magia permite que o evocador analise a aura de um objeto e descubra as propriedades mágicas que ele possui. Caso o evocador use esta magia em um objeto que não seja mágico, ele descobre imediatamente que o objeto não é mágico (mas ainda assim desperdiça o dinheiro do ritual).Embora esta magia seja muito útil, ela requer muito treinamento, pois o evocador só é capaz de descobrir propriedades mágicas de poder equivalente ao seu conhecimento em Análise. Para a maioria das propriedades mágicas vale a relação abaixo: Propriedades específicas que não se enquadrem na relação acima como por exemplo os itens descritos no Livro de Artefatos, terão seu nível determinado pelo mestre do jogo.Caso um item tenha mais de uma propriedade, o evocador deve primeiro descobrir as propriedades de menor nível para depois ser capaz de analisar as de nível mais alto, em uma escala crescente. Sempre se analisa apenas uma propriedade de cada vez.Após o último poder ser descoberto, a leitura seguinte dirá que não existe mais nenhuma propriedade a ser lida. Note que não há nenhuma maneira de se saber que uma determinada propriedade é a última, a não ser usar novamente o encanto.Se um ritual de Análise de baixo nível for realizado em um item com propriedades de nível mais alto, o evocador não será capaz de descobrir a propriedade, mas saberá qual nível deve ser usado, se possuir o nível necessário. Caso o evocador não possua o nível necessário ele apenas saberá que a análise daquela propriedade está além de suas capacidades.Este ritual exige o uso de materiais raros, de modo que eles custam 5 moedas de prata por dificuldade do efeito que se deseja usar.','Ritual','Toque','1 uso',NULL);
INSERT INTO [magia] ([id],[nome],[descricao],[evocacao],[alcance],[duracao],[Nivel]) VALUES (9,'Animação Metálica','Com esta magia o mago alquímico é capaz de animar armaduras. Estas devem ser couraças parciais com elmos fechados, de onde ela obterá toda a sua Energia Física.A armadura, elmo, escudo e/ou arma que compõem o ser animado devem ser virgens, isto é, não podem ter sido utilizados.Durante o ritual de encantamento, o mago deverá escolher a(s) arma(s) que o ser será capaz de utilizar, de acordo com o nível da magia (o dano da arma utilizada pela armadura não sofre ajuste de força). Após o ritual, a armadura será capaz de utilizar apenas a(s) arma(s) e/ou escudo que foram encantadas com ela no ritual.Após o ritual de encantamento a armadura se tornará um servo fiel ao evocador, executando qualquer missão desde de que esta não contenha mais de 25 palavras, não envolva qualquer tipo de avaliação por parte da armadura, nem envolva critérios que não possam ser captados pelo sentido da visão ou sejam subjetivos.As armaduras são imunes a toda e qualquer ilusão ou ataque de origem mental.Caso a armadura venha a receber algum dano em sua estrutura, este será recuperado a razão de 1 ponto por hora. Caso a EF do ser seja levada à faixa de inconsciência (entre 0 e –15) a armadura cairá, se recompondo normalmente. Se a Energia Física do ser for levada à –16 ou menos, o encanto da animação metálica será desfeito. Um mesmo místico não pode ter mais de 3 armaduras animadas em um mesmo período de tempo.O nível da magia diz os parâmetros gerais do ser, as armas que ele será capaz de utilizar, seu valor de grupo de armas e o custo do ritual.*O parâmetro para altura das armaduras animadas será relativo ao dos humanos.*A resistência à magia do ser será igual ao nível da magia “Animação Metálica” usada para animar a armadura.','Ritual','5m','1 ano e 1 dia',NULL);
INSERT INTO [magia] ([id],[nome],[descricao],[evocacao],[alcance],[duracao],[Nivel]) VALUES (10,'Animação vegetal','Este ritual transforma árvores em seres de aparência vagamente Humanóide (semelhante a um Enida) sob controle do evocador. Na verdade este ritual transforma árvores comuns em Árvores Animadas (veja os detalhes delas no Livro de Criaturas).O custo do ritual e o poder da criatura variam com o porte da árvore e a dificuldade do efeito usado. O ser atacará com seus punhos e para controlá-lo o evocador deve manter a concentração e não se afastar mais de 40m do mesmo, caso contrário o ser ficará imóvel até que as condições necessárias se restabeleçam.As árvores podem ser classificadas em porte menor (entre 2m e 3m), pequeno porte (entre 3m e 4m), médio porte (entre 4m e 5m) e grande porte (entre 5m e 7m). Qualquer árvore que seja de tamanho incompatível com o necessário não será afetada pelo ritual, o karma e os materiais serão gastos inutilmente. O evocador só pode ter uma Árvore Animada por vez com este ritual.','Ritual','5 metros','Variável',NULL);
INSERT INTO [magia] ([id],[nome],[descricao],[evocacao],[alcance],[duracao],[Nivel]) VALUES (11,'Anulação Mística','Com esta magia, o místico cria um campo que impossibilita a utilização de magias de qualquer natureza através de um ritual que custa 3 moedas de ouro vezes o nível utilizado. O campo anula quaisquer magias cujos níveis sejam iguais ou inferiores aos do campo de anulação mística. Assim, se for evocada anulação mística 7, um mago que evoque alguma magia nível 4, gastará seus pontos de karma e não conseguirá nenhum resultado. Caso evoque uma magia nível 8 não terá nenhum empecilho. A única exceção para essa magia é a magia Quebra de Encantos, pois é possível evocar a quebra de encantos com o mesmo nível da magia anulação mística, enquanto qualquer outra magia só terá seu efeito realizado caso o nível seja maior (e não igual) ao do campo. Itens encantados seguem a mesma regra. Se alguém desejar usar um anel com raio elétrico 4, só terá o efeito realizado caso o campo de anulação mística tenha nível menor que 4.Esse milagre é muito utilizado em masmorras de castelos, em especial os dos países em que a magia é mais presente como Calco ou Portis. As famosas celas antimágicas são criadas a partir desta magia. Só é possível criar um campo de anulação mística que esteja a uma distância maior do que 20 metros de outra área encantada com esta magia. Caso contrário, a magia falhará.O tempo em que o campo de anulação mística permanece ativo varia com os níveis.','Ritual','Variável','Variável',NULL);
INSERT INTO [magia] ([id],[nome],[descricao],[evocacao],[alcance],[duracao],[Nivel]) VALUES (12,'Apelo','Com esse milagre, o sacerdote pede ajuda ao seu deus, que responde mandando enviados para solucionar seus problemas ou ajudá-lo em suas funções.O ser conjurado permanece com o evocador por 30 rodadas, normalmente. Os efeitos Apelo 4, 6 e 9 são rituais que fazem com que o enviado fique permanentemente ajudando o sacerdote. Apenas uma dessas criaturas pode ficar permanentemente com o sacerdote. A conjuração temporária tem evocação de uma rodada e a permanente é ritual.Esta magia não deverá ser evocada levianamente, apenas em caso de necessidade real. Caso seja evocada em uma situação que não seja de extrema necessidade ou se for evocado por um motivo efêmero e/ou mundano, a magia falhará e o sacerdote será punido pelo seu deus, o que normalmente implicará na perda de seus poderes, ou mesmo por alguma maldição (o MJ deverá decidir a melhor forma de punir o sacerdote).Caso o enviado morra ou a duração chegue ao fim, ele desaparece, voltando para junto de seu o deus.','Variável.','5 metros','Variável',NULL);
INSERT INTO [magia] ([id],[nome],[descricao],[evocacao],[alcance],[duracao],[Nivel]) VALUES (13,'Área de paz','Com este milagre, o sacerdote de Selimom cria ao seu redor uma área pacífica que repudia todo aquele que possui desejos violentos contra aqueles presentes na área. Na prática, qualquer um que tente atacar qualquer pessoa na área deverá fazer uma Resistência à Magia. Caso resista, poderá atacar normalmente, mas deverá fazer uma resistência à magia por rodada. Observe que esse milagre evita que qualquer um ataque pessoas dentro da área, inclusive ataques à distância como arco e flecha e magias como bola de fogo e raio elétrico. Entretanto, se qualquer pessoa protegida pelo milagre atacar ou realizar qualquer encanto, a área de paz é desfeita automaticamente.A área da magia é alterada de acordo com o nível e o sacerdote pode escolher entre colocar a área móvel consigo ou fixá-la formando um círculo imóvel, ambas as opções tem como centro o próprio sacerdote no instante da evocação do milagre.','Instantânea','Variável','Variável',NULL);
INSERT INTO [magia] ([id],[nome],[descricao],[evocacao],[alcance],[duracao],[Nivel]) VALUES (14,'Armadilha','Este encanto permite que uma ilusão seja armazenada em um local para ser liberada de acordo com uma determinada condição especificada no momento de sua evocação. O tempo que uma ilusão permanece válida após ser armazenada e a perfeição da magia que pode ser armazenada dependem da dificuldade do efeito usado pelo evocador.Esta magia é evocada no local onde a ilusão que se deseja armazenar deve ficar (obrigatoriamente um local imóvel). Na rodada seguinte ao final da evocação deste encantamento a ilusão que se deseja armazenar deve ser evocada pelo mesmo místico que evocou a magia Armadilha. Ao final da evocação da ilusão, a condição na qual a mesma será disparada deve ser estabelecida. Esta condição é uma frase de 15 palavras ou menos. Quaisquer características que possam ser captadas pelos sentidos humanos da visão e da audição podem ser usadas, mas critérios subjetivos não são válidos.Assim, a condição ""dispare quando um orco de elmo preto entrar nesta sala e falar a palavra grokk"" é válida, mas ""dispare quando um homem feio entrar nesta sala"" não é, pois envolve um critério subjetivo (beleza). Do mesmo modo, ""dispare quando uma elfa com cheiro de flores entrar na sala"" também não é válido, pois envolve um sentido que não é visão ou audição. Caso uma condição inadequada seja usada, a ilusão dispara imediatamente contra o evocador (além disso, é óbvio, do dinheiro do ritual ser perdido).O tempo que uma magia fica armazenada e o número máximo de pontos de Karma que podem ser colocados nela dependem da dificuldade do efeito usado. Note que o número máximo de pontos de Karma inclui todos os pontos usados em uma evocação conjunta.Quando a duração se esgota, a magia armazenada se dissipa sem efeito. Quando a Armadilha é disparada, a magia preparada se realiza e o encanto se dissipa, a não ser que o efeito de Armadilha usado tenha duração permanente. Neste caso, após a magia armazenada ser disparada o efeito fica sem atuar por 24 horas. Após este tempo a Armadilha volta a atuar normalmente.Finalmente, este encanto não pode ser evocado a menos de 10 metros do local onde outra magia Armadilha está colocada. Caso isto aconteça, ambas as magias se dissolvem imediatamente sem fazer efeito. Os materiais usados para a evocação custam 1 moeda de ouro por Dificuldade do efeito usado. Ou seja, evocar o efeito Armadilha 3 custa 3 moedas de ouro.','Ritual','10 metros','Variável',NULL);
INSERT INTO [magia] ([id],[nome],[descricao],[evocacao],[alcance],[duracao],[Nivel]) VALUES (15,'Armadura Elemental','Com o uso deste encantamento o evocador forma em torno de si um campo de energia mágica que o protege de ataques de elementos naturais como fogo, gelo, eletricidade, etc. Esta magia pode ser usada fora de Ambiente Natural sem nenhum problema.Este feitiço pode absorver certa quantidade de dano feito por ataques elementais antes de ser dissipada. A quantidade de dano que pode ser absorvida antes do feitiço entrar em colapso é determinada pela dificuldade do efeito usado como explicado abaixo. Caso a duração do feitiço se esgote, a armadura se desfaz e os pontos restantes de absorção são perdidos.','Instantânea','Pessoal','15 rodadas',NULL);
INSERT INTO [magia] ([id],[nome],[descricao],[evocacao],[alcance],[duracao],[Nivel]) VALUES (16,'Armadura Natural','Com o uso deste encantamento, o evocador forma em torno de si um campo de energia que o protege de ataques de origem natural.Este feitiço pode absorver certa quantidade de dano feito por magias que utilizem a força da natureza e que causem dano direto (Chuva Ácida, Feixes Incandescentes, Relâmpagos, etc.), parando então de funcionar.A quantidade de dano que pode ser absorvida antes do feitiço entrar em colapso é determinada pela dificuldade do efeito usado, como explicado abaixo. Caso a duração do feitiço se esgote, a armadura se desfaz e os pontos restantes de absorção são perdidos.','Instantânea','Pessoal','10 minutos',NULL);
INSERT INTO [magia] ([id],[nome],[descricao],[evocacao],[alcance],[duracao],[Nivel]) VALUES (17,'Assimilação','Com este encanto o mago poderá “copiar” os feitiços de outros místicos fazendo com que seja possível utilizá-los.Para copiar os encantos de outro místico, o evocador deverá primeiramente evocar esta magia sobre um alvo escolhido (que terá direito a resistir). Quando o alvo falhar em sua resistência á magia, o evocador estará ligado energeticamente com ele durante as próximas 7 rodadas. A partir de então, o evocador poderá “copiar” qualquer encanto que o alvo evocar dentro deste período de tempo. O evocador deverá escolher até 3 dos feitiços que o alvo evocar durante o tempo da ligação energética. Depois de escolhido(s) o(s) encanto(s), a ligação energética será rompida e o(s) encanto(s) escolhido(s) será (ao) assimilado(s).Exemplo: Um mago tentar copiar o encanto “Maldições” evocado por um demônio, mas a evocação da magia Maldições (3 rodadas) deve ser realizada durante o tempo da ligação energética (7 rodadas). Se a evocação da magia Maldições fosse iniciada na quinta rodada da ligação energética, o efeito da maldição seria lançado após o termino da ligação energética (8ª radada), por isso o encanto não poderia ser Assimilado. O mesmo vale para uma situação em que a ligação energética seja feita durante o tempo da evocação de alguma magia.A Evocação, o alcance e a duração da magia assimilada permanecem iguais aos da magia original, ou seja, o mago poderá utilizar a magia assimilada normalmente. Mas note que somente o efeito de dificuldade usado pelo alvo pode ser evocado. Se a magia assimilada for Doenças 7, o evocador não poderá utilizar os efeitos de Doenças 5, 3 e 1.Existem duas formas de assimilação de magias: A “Assimilação Temporária” e a “Assimilação Armazenada”.A Assimilação Temporária permite que o evocador use a magia assimilada, o quanto quiser, em um determinado período curto de tempo.A assimilação Armazenada permite que uma magia assimilada seja “estocada” durante um período longo de tempo, no entanto ela só poderá ser evocada uma vez após a assimilação.Note que o místico não pode manter mais de 3 magias assimiladas em um mesmo período de tempo, seja qual for o tipo de Assimilação realizada.A origem da magia que poderá ser assimilada, o tipo de assimilação e o tempo de cada, variam com a dificuldade do efeito. (A “lista básica” descrita nos efeitos da magia refere-se apenas a lista de magias básicas dos Magos).Não é possível assimilar magias de itens mágicos Pois somente criaturas podem ser alvos deste feitiço.','Instantânea','20m','Variável',NULL);
INSERT INTO [magia] ([id],[nome],[descricao],[evocacao],[alcance],[duracao],[Nivel]) VALUES (18,'Ataque Impetuoso','Com esse encanto, o sacerdote pede ao seu deus(a)a uma força sobrenatural e oferece a ela seu corpo como oferta por esta dádiva. Observe que ao contrário do encanto Força Sagrada de Blator que dura 10 rodadas, o Ataque Impetuoso é uma magia com duração instantânea, ou seja, dura apenas um ataque e somente pode ser usado em ataques de corpo-a-corpo. O sacerdote receberá um bônus de dano que deverá ser somado ao seu dano normal além de colunas extras que também deverão ser somados ao seu ataque normal. Entretanto, ele sofrerá um dano na EF toda vez que utilizar o encanto. O dano variará conforme o nível da magia e não pode ser evitado por nenhuma magia, embora possa ser curado por Curas Físicas ou naturalmente.Exemplo: Um sacerdote que atacaria seu inimigo na coluna 6 e daria dano 22/17/12/7 para 100%/75%/50%/25% respectivamente, com um machado de guerra e tem força 2. Nesta rodada então o sacerdote usa Ataque Impetuoso 4. Então, ao invés de atacar na coluna 6, ele atacará na coluna 10 (6+4). Fazendo o ataque, ele consegue obter um 75%. Ele então fará, 17+9 = 26 de dano nesta rodada. Mas caso o personagem erre o ataque nenhum dano será feito e mesmo assim ele levará o dano na EF.','Instantânea','Pessoal','Pnstantânea',NULL);
INSERT INTO [magia] ([id],[nome],[descricao],[evocacao],[alcance],[duracao],[Nivel]) VALUES (19,'Ataque térmico','Com essa magia o mago pode alterar a temperatura externa de objetos e/ou seres, (seres têm direito a resistir á magia.). Caso o alvo falhe na resistência levará o dano descrito na EF, sem armadura.','1 rodada','30 metros','Instantânea',NULL);
INSERT INTO [magia] ([id],[nome],[descricao],[evocacao],[alcance],[duracao],[Nivel]) VALUES (20,'Ato Falho','Com este encanto o sacerdote de Plandis pode fazer com que uma pessoa tenha um ato falho, ou seja, que diga algo que está pensando, mas que não teria coragem para falar ou que não tenha relação direta com o assunto em discussão caso não obtenha êxito em uma Resistência à Magia. A evocação do milagre é discreta, não podendo ser percebida por meios normais, a não ser por meios mágicos. Quando a vítima falha na sua RM, ela fala algo sem nexo com o que estava falando, que quanto maior o nível, mais comprometedor será. Apesar disso, o que a pessoa falar, sempre será o que ela pensa, ou seja, a magia não induz a pessoa a mentir. O ato falho não poderá conter mais do que 10 palavras. A vítima da magia percebe logo após terminar a frase o que ela falou impensadamente.','Instantânea','Variável','1 rodada',NULL);
INSERT INTO [magia] ([id],[nome],[descricao],[evocacao],[alcance],[duracao],[Nivel]) VALUES (21,'Aura ameaçadora','Com o encanto Aura Ameaçadora, o evocador é capaz de imbuir uma expressividade ameaçadora em uma escultura ou pintura, na qual todo aquele que olhar para o objeto de arte se sentirá intimidado e incomodado com o objeto em questão.Independentemente de ser uma pintura ou uma escultura, ela deverá retratar uma imagem intimidadora, mas não necessariamente malévola. Assim poderá ser uma escultura de uma gárgula ou de alguma besta, como pode ser uma estátua de um rei em sua majestade.No caso de uma pintura, pode ser retratada uma cena violenta como uma guerra. Tal imagem necessariamente deverá ter no mínimo dois metros de comprimento e de largura. Já como escultura, as estátuas deverão ter no mínimo dois metros e meio de altura.Tanto em um caso como em outro, o objeto de arte tem que ser muito familiar ao evocador, ou ele próprio tendo feito ou então sendo conhecedor das técnicas de escultura e/ou pintura e da história daquela obra específica para que o encanto possa ser realizado.Atendidas essas condições, o encanto será utilizado apenas tocando na pintura ou escultura. Toda pessoa, à exceção do evocador, que olhar para aquela imagem deverá fazer um teste de Resistência à Magia. Caso passe, a pessoa se sentirá incomodada pela pintura ou pela estátua, mas não receberá nenhum outro efeito. Caso falhe, no entanto, a(s) vítima(s) não conseguirão fazer mais nada a não ser ficar olhando para a imagem ameaçadora, temerosas que tal imagem faça algo contra ela(s). Caso a vítima seja atacada neste estado, o feitiço se quebra. No entanto, este ataque é considerado como surpresa parcial.O encantamento do objeto é de efeito permanente, e a pintura ou escultura ficará encantada passando a possuir aura imbuída. O efeito só é quebrado se for usado com sucesso a magia Quebra de Encantos.Uma mesma pessoa não pode ser vítima duas vezes seguidas de uma só evocação. Este encanto é muitas vezes usado para proteger locais importantes, sendo a magia usada em pinturas gravadas na porta do local ou em estátuas próximas.','Instantânea','Toque','Permanete',NULL);
INSERT INTO [magia] ([id],[nome],[descricao],[evocacao],[alcance],[duracao],[Nivel]) VALUES (22,'Aura Divina','Com este milagre, o sacerdote de Cruine cria ao seu redor uma aura que incomoda demônios e mortos-vivos. Para essas criaturas a aura repele sua proximidade, dificultando atacar o sacerdote e seus companheiros que estejam na área protegida. Na prática, qualquer demônio ou morto-vivo que atacar terá seus ataques penalizados, sem ter direito a resistência à magia, uma vez que a aura não ataca magicamente as criaturas e se constitui em uma espécie de empecilho ao ataque. Observe que mesmo ataques à distância, inclusive magias de ataque, recebem penalidade. Entretanto, para qualquer outro ser além dos mencionados, a aura não tem qualquer efeito e é invisível e, portanto, imperceptível para seres não-místicos. Apenas o sacerdote é protegido pela aura.','Instantânea','20 rodadas','Pessoal',NULL);
INSERT INTO [magia] ([id],[nome],[descricao],[evocacao],[alcance],[duracao],[Nivel]) VALUES (23,'Aura Emocional','Os grandes acontecimentos deixam marcas profundas nas pessoas, modificando suas motivações, crenças, comportamento, enfim toda sua vida. Mas não só nas pessoas as marcas são evidentes, mas também em um local. O campo onde o massacre ocorreu, a casa de interrogatório, o templo que serviu de refúgio: todos podem ter uma marca que lembre os acontecimentos passados. O encanto Aura Emocional é capaz de imbuir um local com uma aura de modo que todo aquele que dele se aproximar sentirá uma sensação que corresponda à história do local. A distância e o tempo que a aura tem efeito variam conforme o nível, assim como os materiais necessários para a evocação.Uma vez na presença da aura, qualquer ação que vise contrariar o sentimento do local só poderá ser realizada se a pessoa passar em um teste de Resistência à Magia contra o nível da magia. Esse teste deverá ser realizado a cada rodada até que o indivíduo falhe na sua Resistência à Magia ou saia da área. Assim, se um campo onde foram mortos vários inocentes estiver imbuído de uma aura, qualquer atitude que mostre felicidade não poderá ser realizada a menos que o indivíduo passe na Resistência à Magia. Da mesma forma, se uma sala na qual houve um grande acordo de paz entre reinos, for imbuída com uma aura, toda e qualquer ação que procure desavenças só poderá ser realizada caso a pessoa passe na sua Resistência à Magia. Isso poderá render muitos benefícios, na medida em que impede as pessoas de tomarem ações indesejadas. Dessa forma, o evocador poderá se utilizar desses locais para outros fins, como por exemplo, se refugiar em um local marcado pela paz ou comover um líder autoritário ao levá-lo a um lugar marcado pela tristeza.Observe que caso a pessoa não passe na Resistência à Magia, ela terá uma forte sensação de que não pode fazer isso naquele lugar, a ponto de impedi-la de fazê-lo. No caso da pessoa conhecer o evento ocorrido, ela obrigatoriamente irá lembrá-lo.Para se realizar a magia é necessário que seja escolhido um ponto central no local a ser encantado. Além disso, é necessário que um evento marcante e conhecido pelo evocador tenha ocorrido envolvendo o local. Obviamente a aura imbuída necessariamente provocará um sentimento condizente com tal acontecimento.','Ritual','Variável','Variável',NULL);
INSERT INTO [magia] ([id],[nome],[descricao],[evocacao],[alcance],[duracao],[Nivel]) VALUES (24,'Aura Mágica','Através desta magia, o mago imbui uma aura mágica a uma superfície de origem mineral ou vegetal, como paredes de pedra, portões de ferro, tábuas de madeira, telhas de barro, etc.É possível imbuir auras mágicas a duas ou mais superfícies, desde que a soma de suas áreas não ultrapasse a capacidade máxima permitida pelo efeito usado.A aura atribuída à superfície se portará exatamente como a aura de uma criatura, por isso, esta passará a ter resistência à magia (dada pelo efeito) para qualquer feitiço que aja sobre ela, como “Desintegração” e “Telecinese”, ou magias que possam ser vinculadas a ela como “Manipulação de Luz” e “Silêncio”. A superfície encantada poderá ainda anular magias como “Geomanipulação” e “Piromanipulação” que se quebram ao entrar em contato com a aura de criaturas. A aura também impede que Criaturas incorpóreas como “Espectros” atravessem as paredes encantadas.É impossível imbuir aura mágica a criaturas, pois estas já possuem aura própria, caso isso seja feito a magia não terá nenhum efeito e os materiais serão gastos inutilmente.A área da superfície afetada, a resistência à magia dada, e o tempo que a aura permanece em atividade variam com o efeito. O custo do ritual é de 1 moeda de ouro por nível de dificuldade do efeito.O mago pode evocar essa magia diversas vezes para ampliar a área da superfície, mas a cada evocação, o valor do ritual deverá ser gasto novamente.','Ritual','Variável','Variável',NULL);
INSERT INTO [magia] ([id],[nome],[descricao],[evocacao],[alcance],[duracao],[Nivel]) VALUES (25,'Ausência','A normalidade gera indiferença. O que é muito comum acaba passando desapercebido, sejam lugares, objetos e até pessoas. Com o encanto Ausência o evocador é capaz de se apresentar de forma tão comum que acaba não sendo notado. Na prática é como se ele se tornasse, de fato, invisível.Obviamente o evocador deverá sempre estar dentro dos “padrões de normalidade” para que o feitiço funcione. Assim, se no meio da cidade ele estiver vestido com roupas suntuosas não poderá passar despercebido; se ele entra em um templo de Selimom portando uma arma à mostra, será notado invariavelmente. Nesse sentido é sempre necessário que se estude antes o local pelo qual ele queira passar despercebido.Quanto maior o nível da magia, mais fácil será passar por locais onde há atenção para a identificação das pessoas, conforme consta nos níveis descritos. Para todos os efeitos, alguém sobre o efeito de Ausência é como se estivesse invisível para as outras pessoas.Observe que é impossível passar despercebido por locais aonde há total preocupação em se reconhecer as pessoas, como na entrada de um castelo ou colégio de magia, no caso de pessoas que estejam procurando pelo evocador ou ainda em locais com pouco movimento.','Instantânea','Pessoal','1 hora',NULL);
INSERT INTO [magia] ([id],[nome],[descricao],[evocacao],[alcance],[duracao],[Nivel]) VALUES (26,'Auxílio Incerto','Com este milagre, o sacerdote de Plandis pede uma ajuda a seu deus, e é respondido de forma a não saber como irá ser essa resposta. A resposta poderá ser de grande ajuda ou mesmo inútil. Ao evocar o milagre o sacerdote terá como resposta uma das seguintes magias a serem sorteadas da seguinte lista com o dado de 20 faces: No.Após sortear o dado, uma magia virá como resposta. A magia poderá ser utilizada como se o próprio sacerdote estivesse evocando e, portanto, ele escolherá os inimigos que serão as vítimas dos relâmpagos, por exemplo, ou quem irá ser ressuscitado, ou aonde que será colocada a luz da manipulação de luz. O nível da magia que virá como resposta é numericamente igual ao nível da magia utilizada pelo sacerdote.Ex: O sacerdote evoca Auxílio Incerto 3 e rola 13 no dado, ele então evocará a magia Vigor 3. Caso o nível da magia não exista, deve-se pegar o nível da magia existente imediatamente abaixo. Assim se o sacerdote evocar Auxílio Incerto 7 e tirar 20, ele evocará Visão Noturna 4. Observe que o sacerdote não pode escolher o efeito (ele não poderia evocar Visão Noturna 1 ou 2 no exemplo).','Instantânea','Variável','Variável',NULL);
INSERT INTO [magia] ([id],[nome],[descricao],[evocacao],[alcance],[duracao],[Nivel]) VALUES (27,'Auxílio Natural','Restrição de Uso: Ambiente Natural. Com este encanto o sacerdote clama a sua deusa e pede ao ambiente que o ajude a derrotar seus inimigos. Observe que cada sacerdote só poderá usar esse encanto em ambientes específicos. Sacerdotes de Vet e Nil poderão usar em planícies ou florestas, de Mon, em montanhas e cavernas, de Ganis, em alto mar, uma praia ou um lago.Atendendo ao pedido do sacerdote, o ambiente o ajudará: árvores moverão seus galhos para fazer os inimigos tropeçarem, ventos fortes podem surgir em alto mar para atrapalhar os inimigos, rochas poderão desabar próximo ao inimigo; enfim, diversas são as possibilidades, mas os efeitos são sempre os descritos nos níveis. A grande vantagem deste encanto é sua área imensa, que serve até mesmo para atrapalhar um exército inteiro. Uma observação, entretanto, é que uma mesma área não pode estar sob efeito de dois Auxílios Naturais. Assim, se dois sacerdotes evocarem a magia, apenas o nível mais forte funcionará.Uma observação especial é que esta magia é muito restrita e só deve ser usada em caso de extrema necessidade. Se for evocada por um motivo efêmero, numa situação desnecessária ou por motivos pessoais e/ou mundanos, a magia falhará e o sacerdote será punido por sua deusa.','1 rodada','500 metros de raio','15 rodadas',NULL);
INSERT INTO [magia] ([id],[nome],[descricao],[evocacao],[alcance],[duracao],[Nivel]) VALUES (28,'Avaliação','Com este encanto, o evocador é capaz de avaliar qualquer bem que ele toque, ajudando-o a saber o valor daquele bem. Observe que esse encanto ajuda muito pouco na descoberta de algum poder mágico que o item possa vir a ter.','Instantânea','Toque','1 uso',NULL);
INSERT INTO [magia] ([id],[nome],[descricao],[evocacao],[alcance],[duracao],[Nivel]) VALUES (29,'Azar','Conhecido como “a maldição de Plandis”, o milagre azar torna a vítima, caso falhe em sua RM, mais suscetível a eventos estranhos, incomuns e imprevisíveis. Nos níveis mais baixos a vítima é tida perante outros como uma pessoa azarada, mas nos mais altos ela é tida como amaldiçoada ou perseguida pelos deuses.','1 rodada','20 metros','Variável',NULL);
INSERT INTO [magia] ([id],[nome],[descricao],[evocacao],[alcance],[duracao],[Nivel]) VALUES (30,'Barreira Mística','Com esta magia o evocador cria uma barreira mística invisível que o protege da aproximação de qualquer ser que tenha Aura (mesmo que negativa). Aquele que tentar se aproximar a menos de 3 metros do evocador deve fazer uma resistência à magia. Aqueles que conseguirem poderão se aproximar, mas aqueles que falharem serão forçados a se manter afastados, pelo menos, 5 metros de distância. Este encantamento não impede que alguém use um ataque a distância, seja ele mágico ou não (flechas, lanças, raio elétrico, bola de fogo, etc.).A quantidade de criaturas afetadas é determinada pelos efeitos. Quando várias criaturas/pessoas entrarem no raio de ação da magia e a quantidade exceder a do poder do efeito, o evocador pode escolher quem ele deseja que seja afetado. A quantidade de pessoas/criaturas que exceder a capacidade do efeito não será afetada, podendo se aproximar livremente. É possível evocar novamente a magia caso alguém tenha resistido, mas quando a quantidade máxima for atingida não é possível mais se evocar a magia. O evocado poderá escolher não afetar alguém a sua livre escolha e não é necessário se evocar esta magia somente quando alguém se aproxima, mas quando a duração se esgotar os efeitos terminam.Após a evocação não é necessário manter a concentração nesta magia, podendo o evocador fazer qualquer tipo de ação.','Instantânea','Pessoal','10 rodadas',NULL);
INSERT INTO [magia] ([id],[nome],[descricao],[evocacao],[alcance],[duracao],[Nivel]) VALUES (31,'Bênção','O Sacerdote pede a seu deus que auxilie seus companheiros na batalha causando um aumento no vigor e na coragem de todos os afetados. Inicialmente, este milagre apenas melhora a capacidade de combate, mas em determinados níveis afeta também a Energia Heróica dos abençoados.De qualquer forma, os efeitos não são cumulativos, não se pode abençoar seguidas vezes a mesma pessoa. Note que este milagre serve para abençoar os companheiros do Sacerdote e não a ele mesmo.','Instantânea','10 metros','10 rodadas',NULL);
INSERT INTO [magia] ([id],[nome],[descricao],[evocacao],[alcance],[duracao],[Nivel]) VALUES (32,'Biogerminação','Esta aterrorizante magia castiga um ser (caso falhe em sua resistência à magia), condenando-o a uma dor horrível, podendo matar em seu efeito mais poderoso.No ser afetado será implantada uma semente que se desenvolverá e utilizará o corpo da vítima como hospedeiro até que a duração do feitiço se esgote. Os efeitos da magia acontecem imediatamente após o alvo falhar em sua resistência à magia.O efeito plástico deste feitiço causa um quadro espantoso fazendo com que o recipiente da magia seja alvo de escárnio. O tipo de vegetal implantado e as conseqüências de sua estadia variam com a dificuldade do efeito usado. Se alguma parte da planta parasita for arrancada, outra irá crescer imediatamente substituindo esta.','2 rodadas','15m','Variável',NULL);
INSERT INTO [magia] ([id],[nome],[descricao],[evocacao],[alcance],[duracao],[Nivel]) VALUES (33,'Bloqueio','Esta magia cria um campo de força mística que interfere nos encantos de animação impedindo a entrada de criaturas animadas na área de atuação da magia. Qualquer criatura animada (Armaduras Animadas, variações de Golens, Estatuas Animadas, Gárgulas, Árvores Animadas, Corpos Necroanimados etc.) que tentar entrar na área de atuação do bloqueio deverá realizar um teste de resistência à magia, caso falhe não poderá entrar na área.Para realizar esta magia o mago precisará de materiais no valor é de 2 m.o. por nível de dificuldade do efeito utilizado.A área de atuação da magia, o poder das criaturas afetadas (estágio) e a duração do encanto variam com a dificuldade do efeito.','Ritual','Variável','Variável',NULL);
INSERT INTO [magia] ([id],[nome],[descricao],[evocacao],[alcance],[duracao],[Nivel]) VALUES (34,'Boato','Com este poderoso feitiço, o evocador pode espalhar um boato de forma que seja tido como verdade por aqueles que o ouviram, manipulando o pensamento destas pessoas.Isso se dá da seguinte forma: primeiramente o evocador deverá conversar por, no mínimo, 5 minutos com uma, e somente uma pessoa sobre o assunto que deverá se tornar o boato. No final da conversa o evocador deverá dizer uma frase, geralmente resumindo o que ele disse até então, de no máximo 20 palavras que será justamente o boato. A pessoa então deverá fazer um teste de Resistência à Magia e, se falhar, assimilará o boato como verdade, sentindo a necessidade de passar essa informação para outras pessoas.O número de pessoas que ela necessariamente deverá passar a informação adiante, variará de acordo com o nível da magia. Quando a vítima espalhar o boato para o número máximo de pessoas descrito no nível, ela não sentirá mais a necessidade de passar adiante a informação, embora ela possa fazê-lo caso seja de seu desejo. O boato espalhado pela vítima necessariamente deverá ser fiel ao transmitido do evocador a ela. Observe que as pessoas as quais o boato for transmitido podem acreditar ou não no que a vítima disser. Isso é uma decisão particular de cada pessoa. Por conta disso, é sempre importante para o evocador escolher a pessoa certa, que tenha mais credibilidade o possível, para que passe o boato. Assim, se a vítima for uma criança, muitas pessoas possivelmente não acreditarão no que ela disser, alegando ser fruto da imaginação dela. No entanto, se a vítima for um sacerdote respeitado, as pessoas tenderão a ser muito mais receptivas ao que ele disser.Além disso, a vítima após uma hora de enfeitiçada esquecerá quem foi a pessoa que lhe passou a informação. Ela não se lembrará de seu nome nem rosto nem qualquer outro elemento que possa identificá-la, mas no saberá que veio de uma fonte altamente “confiável”.','20 rodadas','5 metros','Variável',NULL);
INSERT INTO [magia] ([id],[nome],[descricao],[evocacao],[alcance],[duracao],[Nivel]) VALUES (35,'Bola de Fogo','Essa magia cria uma pequena bola de fogo que voa da mão do evocador em direção a um alvo escolhido. Ao se aproximar do alvo ela explode, causando dano na área de explosão.Veja que o encanto não tem precisão, podendo atingir qualquer um na área de efeito da explosão. Isto é resolvido com um ataque individual em cada um que estiver na área de efeito da magia. O dano máximo é dito no efeito.','Instantânea','50 metros','Instantânea',NULL);
INSERT INTO [magia] ([id],[nome],[descricao],[evocacao],[alcance],[duracao],[Nivel]) VALUES (36,'Bote','Com esta magia o evocador executará uma manobra muito comum entre predadores naturais como leões, leopardos e crocodilos, que consiste em aproximar-se cautelosamente da vítima e no momento mais oportuno realizar o bote.Para realizar o bote é necessário se evocar a magia a uma distancia de pelo menos 10 metros de sua vítima, sem que ela tenha percebido sua presença. Caso contrário, a magia não funcionará. É comum o uso de outras magias como Camuflagem e Ações Furtivas para se obter as condições favoráveis á evocação deste encanto. Os ajustes desta magia afetarão apenas o evocador e a vítima do seu bote. Esta magia tem a limitação de só poder ser evocada em ambientes naturais.','Instantânea','10 metros','10 rodadas',NULL);
INSERT INTO [magia] ([id],[nome],[descricao],[evocacao],[alcance],[duracao],[Nivel]) VALUES (37,'Bravura','Com esse milagre o sacerdote torna alguém ou a si próprio mais bravo, fazendo com que o beneficiado se torne imune a magias que causem pavor, como Medo e Covardia e ainda ganhe uma EH extra que pode ir além do máximo. A imunidade a magias que causem pavor, funciona do mesmo jeito que a Magia Proteção Mental, ou seja, o nível de “Bravura” utilizado torna o personagem imune a magias que causem pavor cujo nível seja igual ou inferior ao do milagre. Assim com Bravura 4, um personagem está imune a Medo 1, 2 e 4 mas não tem qualquer efeito para Medo 6 por exemplo.','Instantânea','Toque','1 hora',NULL);
INSERT INTO [magia] ([id],[nome],[descricao],[evocacao],[alcance],[duracao],[Nivel]) VALUES (38,'Caçada','Restrição de Uso: Ambiente Natural,Com esta magia, o evocador conseguirá informações sobre a localização de uma criatura das raças civilizadas ou selvagens a qual ele tenha tomado como sua caça. As informações serão fornecidas sob a forma de uma intuição de no máximo 4 palavras, ou manifestações de imagens, odores, barulhos característicos, na mente do evocador. As informações necessariamente terão uma relação íntima com o lugar aonde se encontra o alvo caçado, no entanto elas se manifestarão sempre de uma forma enigmática. Sendo assim o evocador poderá receber a seguinte intuição: “morada de animais perigosos”, caso esteja na caverna de um urso, ou ainda, sentir o cheiro de flores, caso o alvo da magia esteja próximo a um jardim. Para tomar uma pessoa como sua caça o evocador deverá ter visto a “caça” ou ter em mãos alguma peça de roupa ou qualquer outro objeto de uso pessoal.Uma vez evocada a magia, o evocador terá um tempo (determinado pelo efeito) para encontrar sua caça. Se o prazo se esgotar e o evocador não conseguir êxito em sua caçada, ele não poderá evocar novamente esta magia contra esta mesma caça até conseguir se aproximar a pelo menos a 30 metros (mantendo-o em seu campo de visão) do alvo da “caçada frustrada”, por seus próprios meios (sem a ajuda deste encanto). Somente com esta condição o evocador poderá iniciar uma nova caçada a esta mesma vítima em uma outra empreitada. A duração máxima da caçada e o tempo de intervalo entre uma intuição e outra variam com a dificuldade do efeito.','10 rodadas','Pessoal','Variável',NULL);
INSERT INTO [magia] ([id],[nome],[descricao],[evocacao],[alcance],[duracao],[Nivel]) VALUES (39,'Campo abençoado','Com este milagre, o sacerdote de Sevides é capaz de abençoar uma determinada área de 20 metros de raio. Nessa área, a proteção de Sevides estará sobre todo aquele que nela permanecer. Esse milagre é muito utilizado nas aventuras antes de se dormir, dada as propriedades curativas.','10 minutos','20 metros','8 horas',NULL);
INSERT INTO [magia] ([id],[nome],[descricao],[evocacao],[alcance],[duracao],[Nivel]) VALUES (40,'Camuflagem','Restrição de Uso: Ar Livre e Ambiente Natural Este feitiço permite que o Rastreador use o ambiente à sua volta para camuflar a si mesmo ou outras pessoas próximas, dando a essas pessoas uma redução no Nível de Dificuldade de seus rolamentos de Ações Furtivas enquanto permanecerem imóveis, não fizerem qualquer ataque ou usarem qualquer feitiço. O efeito da camuflagem dura até a pessoa camuflada se mexer.Este feitiço pode ser usado apenas ao ar livre e em ambiente natural. Somente o rastreador pode ser alvo do efeito 10.O ajuste ganho e o número de pessoas que podem ser escondidas com cada uso deste encantamento é uma função da dificuldade do efeito usado, da seguinte forma:','3 rodadas','Toque','Variável',NULL);
INSERT INTO [magia] ([id],[nome],[descricao],[evocacao],[alcance],[duracao],[Nivel]) VALUES (41,'Canção do alento','A ansiedade e a preocupação são grandes inimigos dos heróis. Uma batalha decisiva, uma disputa de honra, uma reunião diplomática ou mesmo o encontro com alguém de grande importância: tudo isso pode ser motivo de preocupação e com certeza, perturba a pessoa e a impede de ter o seu melhor desempenho. Existem aqueles, no entanto, através da música, conseguem trazer alento ao coração preocupado e paz ao ânimo inquieto.Através de um ritual extremamente cansativo para o evocador, ele pode fazer com que a pessoa tensa consiga ter uma noite de sono com perfeita paz, repleta de sonhos com mensagens animadoras e vitoriosas. No dia seguinte, essa pessoa acordará de forma tão disposta, que tudo o que ela estava para fazer terá uma maior chance de dar certo. Para quem observa, a pessoa está radiante, com brilho, como se dissesse que aquele dia havia sido feito exatamente para aquela pessoa. É importante notar que embora possam existir outras pessoas que durmam próximas uma das outras, apenas uma delas (a que o evocador escolher) poderá ser beneficiada pelo encanto.Para que o ritual funcione, é necessário primeiramente que a pessoa beneficiada tenha algum motivo de preocupação e ansiedade de algo que venha a ocorrer no dia seguinte da realização do ritual. Satisfeita essa condição, o evocador deverá tocar uma canção suave enquanto a pessoa ainda estiver acordada. Após algum tempo, essa pessoa acabará dormindo e o evocador deverá continuar tocando até o dia seguinte, quando a pessoa acordar. Ela irá dormir muito bem e acordará no dia seguinte com uma série de bônus. No entanto, é necessário que o tempo de sono seja de no mínimo 6 horas. Conseqüentemente, a evocação da magia será de no mínimo seis horas somados ao tempo inicial da música enquanto a pessoa ainda estava acordada.Nesse sentido, se por algum motivo, a pessoa acordar ou o evocador parar de tocar enquanto a pessoa estiver dormindo, a magia perderá o seu efeito. Observe que caso um ou outro aconteça, é impossível retomar a evocação da magia uma vez que ela tenha sido quebrada.Este encanto é extremamente cansativo para o evocador, fazendo com que ele perca uma quantidade de EH ao final da evocação. Caso a EH dele chegue a zero com este encanto, ele irá desmaiar, só acordando após 8 horas de sono. A EH , no entanto, recupera normalmente com o descanso.Os bônus recebidos duram 1 dia contado a partir do momento que a pessoa acorda. Os bônus também serão perdidos caso a pessoa decida dormir antes do tempo se esgotar.Uma observação é que a pessoa beneficiada deve ser capaz de ouvir e querer ouvir a música, não podendo, nesse sentido, a magia ser imposta.','Variável','5 metros','1 dia',NULL);
INSERT INTO [magia] ([id],[nome],[descricao],[evocacao],[alcance],[duracao],[Nivel]) VALUES (42,'Canção de Animo','Com o uso deste feitiço, o Bardo pode dar a um ou mais de seus companheiros ânimo e coragem para enfrentar o combate. O número de pessoas que podem ser afetadas e o efeito específico de cada uso dependem da dificuldade.O encanto Concede ajuste na EH e no ataque do personagem que esteja sob o seu efeito. O ajuste na EH se dá como certo número de pontos que são somados à EH do beneficiado, podendo mesmo passar do máximo da pessoa. Caso um personagem ainda tenha mais pontos de EH que o seu máximo no fim da duração desta magia, estes pontos adicionais desaparecem.O ajuste no ataque que é ganho toma a forma de um ajuste na coluna de resolução final do personagem. Assim sendo, o personagem soma o ajuste ganho com a sua coluna de resolução para obter a coluna na qual o ataque é feito.','uma rodada','5 metros','20 rodadas',NULL);
INSERT INTO [magia] ([id],[nome],[descricao],[evocacao],[alcance],[duracao],[Nivel]) VALUES (43,'Canção do Sono','Esta magia permite que o Bardo, toque algumas notas musicais que, combinadas com a sua mágica, podem fazer com que um ou mais seres sintam sono. Qualquer nível desta magia não atingirá o evocador que lançá-la.A duração do feitiço, a não ser que a descrição do efeito diga o contrário, é igual a 20 rodadas ou o tempo que o evocador permanecer concentrado tocando a canção, desde que não exceda a 2 (duas) horas. Se o Bardo for impedido de continuar tocando ou as vítimas do encanto saírem do alcance da canção o feitiço permanece pelo restante da duração ou (se a duração tiver se esgotado) se quebra imediatamente (as vítimas acordam).','uma rodada','20 metros','Variável',NULL);
INSERT INTO [magia] ([id],[nome],[descricao],[evocacao],[alcance],[duracao],[Nivel]) VALUES (44,'Canção do Tormento','Canção do Tormento é um encanto utilizado em batalhas. O evocador canta uma canção ou apenas toca uma melodia ou até mesmo fala algumas coisas e a vítima deverá fazer uma resistência à magia; se falhar virá à mente da vítima uma imagem julgadora de seus atos; assim se o pai de um inimigo condenava seus atos, a imagem do pai da vítima virá à sua mente; se um grande espadachim for a vítima, a imagem do seu mestre poderá vir a mente. Diversas podem ser as imagens, mas todas elas causarão uma dificuldade na batalha. No primeiro caso a imagem do pai desconcentra o oponente, no segundo caso, a imagem do mestre faz com que o espadachim fique nervoso, pois não pode errar na frente do seu mestre. Essas imagens farão com que as vítimas lutem em piores condições, já que estão sendo submetidas a um olhar superior que as pressionam e as desconcentram.,Caso a EH da vítima chegue a zero com esse feitiço, a vítima não conseguirá fazer nada além de chorar, lamentar ou amaldiçoar a imagem que veio a sua mente por 5 rodadas. Caso ela seja atacada, no entanto, durante esse período, ela será desperta do transe. Observe que até mesmo criaturas dos reinos inferiores podem ser afetadas por esse encanto: um ser inferior de baixo nível pode ficar aterrorizado com a lembrança do discurso de seu superior de quem falhar na missão. Seres irracionais não podem ser afetados por esse encanto.','1 rodada','20 rodadas','20 metros',NULL);
INSERT INTO [magia] ([id],[nome],[descricao],[evocacao],[alcance],[duracao],[Nivel]) VALUES (45,'Cataclisma','Com esta magia, o mago alquímico pode roubar a energia de outros místicos e as converter em uma quantidade de energia que se manifesta na forma de uma explosão em, forma de domo, ao redor do evocador atingindo a todos que estejam na área.Na pratica o evocador deverá, primeiramente, escolher os alvos que terão suas energias “roubadas” (os alvos têm de estar a pelo menos 20 metros do evocador). Após a evocação, os alvos escolhidos deverão fazer uma resistência á magia e os que falharem perderão 1 ponto de karma que será imediatamente assimilado à energia do cataclisma. A cada um (1) ponto de karma roubado, aumenta-se (4) no dano básico da explosão (se um cataclisma de dano máximo 16 receber um acréscimo de 2 pontos de karma, seu dano máximo passará a ser 24). A área de abrangência da explosão, o número de alvos que poderão ter o karma roubado e o dano da explosão, varia com o efeito usado.','Instantânea','Variável','Instantânea',NULL);
INSERT INTO [magia] ([id],[nome],[descricao],[evocacao],[alcance],[duracao],[Nivel]) VALUES (46,'Chuva ácida','Restrição de Uso: Ar livre Esta magia manipula as propriedades gasosas das nuvens fazendo com que produzam ácido e água.Durante a evocação, o místico deve posicionar o foco de atuação em qualquer lugar dentro do alcance da magia. Uma vez posicionado, o foco não poderá ser mudado de posição até o final da duração da magia.No local do foco de atuação da magia o céu é tomado por uma nuvem negra em forma de redemoinho. A tonalidade negra da nuvem se expande do centro do redemoinho para fora. Ao final da evocação a chuva ácida começará a cair da nuvem negra atingindo tudo que estiver na área de efeito. Esta magia causa dano por rodada em criaturas que estejam no foco de atuação. Qualquer estrutura que esteja na área de efeito sofrerá danos por corrosão.Esta magia é perigosa podendo causar sérios danos á natureza, sendo por esse motivo, usada em ultima instancia pelos Naturalistas.Esta magia não cria a chuva, apenas se utiliza dela, por isso é preciso que o tempo já esteja chuvoso antes do início de evocação da magia. Para criar chuva, leia o encanto Controle Climático. O dano por rodada de exposição e a área de atuação da chuva ácida variam com a dificuldade do efeito. A área pode ser controlada de no mínimo 25 m de raio até o máximo que o efeito permitir.','3 rodadas','1km','30 rodadas',NULL);
INSERT INTO [magia] ([id],[nome],[descricao],[evocacao],[alcance],[duracao],[Nivel]) VALUES (47,'Círculo de Proteção','Esta magia permite que o evocador energize um círculo, previamente preparado no chão, que protegerá quem estiver no seu interior de mortos-vivos que estiverem fora dele. Qualquer outra criatura não será afetada pelo círculo. O poder das criaturas que podem ser contidas e o tempo pelo qual elas podem ser contidas varia com o efeito usado. A Evocação deste feitiço não inclui o tempo necessário para se preparar o círculo.Cada morto-vivo terá direito a uma Resistência à Magia. Aqueles que falharem não poderão agir direta ou indiretamente sobre quem estiver dentro do círculo (mas quem estiver dentro do círculo poderá agir sobre eles normalmente). Caso seja obtido sucesso na Resistência, a criatura poderá ignorar a existência do círculo por uma hora, embora não possa danificá-lo. Após este tempo, uma nova Resistência à Magia será necessária.Caso um morto-vivo esteja dentro do círculo quando o feitiço for evocado, ele não será afetado pelo encanto, podendo agir normalmente dentro do círculo e inclusive sair do mesmo. Após deixar o círculo, no entanto, a criatura será tratada como qualquer outra que esteja fora do círculo (ou seja, ela pode não conseguir entrar de novo).O círculo de proteção pode ser desenhado ou entalhado no chão, em qualquer tamanho desejado pelo evocador (desde que ele tenha dinheiro para pagar os materiais) até o limite de 5 metros de raio. Caso o evocador deseje desenhar o círculo, o traçado do mesmo levará 2 horas por metro de raio e custará uma moeda de ouro por metro de raio. Caso o evocador deseje entalhar o círculo no chão, o entalhe custará 5 moedas de ouro por metro de raio e demorará dois dias por metro de raio, mas a Resistência à Magia da criatura é reduzida em 5 colunas.Os círculos são bastante vulneráveis a ataques. Caso qualquer parte de um circulo desenhado seja apagada ou qualquer parte de um circulo entalhado seja desfigurada (quebrada, lascada, etc.) a integridade do círculo será comprometida, se isso acontecer, qualquer feitiço que estiver em efeito nele será destruído. Mesmo que não haja nenhum feitiço em efeito no momento do comprometimento, o circulo é, a partir, de então inútil, não podendo mais ser usado. É impossível reparar um circulo que tenha sido danificado.Círculos podem ser reutilizados, mas a cada novo uso deve-se gastar novamente o Karma do feitiço e mais uma moeda de ouro em materiais.','1 rodada','Variável','Variável',NULL);
INSERT INTO [magia] ([id],[nome],[descricao],[evocacao],[alcance],[duracao],[Nivel]) VALUES (48,'Clarividência','Com esta magia o evocador tem uma visão de lugares e de situações, sejam elas no presente ou no futuro. O que será visto é uma imagem (parada ou em movimento com ou sem som) de um lugar ou situação, e a precisão não é grande. O jogador antes de fazer a magia deve dizer ao MJ o que pretende ver. De acordo com o efeito o MJ, determinará o que será visto. Não há limite para a distância mas a duração da visão é dada no efeito. Note que toda visão é meio turva e mas o som é bem razoável. Toda clarividência que seja sobre o futuro não necessariamente irá acontecer.Para este ritual precisa-se que esteja disponível um objeto apropriado para clarividência, que pode ser uma bola de cristal, um espelho, ou um pequeno lago ou poço, desde que a água esteja completamente parada. O ritual custa 1 moeda de ouro. por nível do efeito em materiais especiais.','10 rodadas','Variável','Variável',NULL);
INSERT INTO [magia] ([id],[nome],[descricao],[evocacao],[alcance],[duracao],[Nivel]) VALUES (49,'Cobertura','Com este milagre o sacerdote protege uma pessoa, recebendo dano em seu lugar. A quantidade de dano que o sacerdote poderá receber no lugar da pessoa varia de acordo com o nível da magia. Apesar de estar protegendo o alvo da magia, o sacerdote pode continuar atacando normalmente sem qualquer penalidade.','Instantânea','Toque','30 rodadas',NULL);
INSERT INTO [magia] ([id],[nome],[descricao],[evocacao],[alcance],[duracao],[Nivel]) VALUES (50,'Comunhão Natural','Com este milagre, o sacerdote poderá ver através da natureza e saber tudo o que acontece em uma área que varia de acordo com o nível da magia. Da mesma forma que em Auxílio Natural, cada sacerdote só poderá utilizar esse encanto em ambientes específicos de acordo com a sua divindade. Na prática essa magia concede a capacidade de ver, ouvir e cheirar em qualquer ponto da área da magia','1 rodada','Variável','1 hora.',NULL);
INSERT INTO [magia] ([id],[nome],[descricao],[evocacao],[alcance],[duracao],[Nivel]) VALUES (51,'Conhecimento','Uma vez usado o encanto Conhecimento, toda e qualquer habilidade que envolva conhecimento deverá ser jogada com colunas extras, que variarão conforme o nível. Observe, no entanto, que as habilidades que envolvem conhecimento não se reduzem apenas ao grupo de habilidades Conhecimento, mas sim toda e qualquer habilidade que de alguma forma possa ser usada para obter uma informação. Assim, se o personagem quer saber de onde tal tecido poderia ter vindo, ele deverá fazer um teste de Trabalhos Manuais. Como se trata de informação, os bônus se aplicarão a essa habilidade. Mas se, por exemplo, o personagem resolver reparar uma roupa, o encanto de nada lhe adiantaria, já que não lida especificamente com um conhecimento geral, mas sim técnico.','Instantânea','Pessoal','1 Ativação',NULL);
INSERT INTO [magia] ([id],[nome],[descricao],[evocacao],[alcance],[duracao],[Nivel]) VALUES (52,'Conhecimento Natural','Restrição de Uso: Ambiente Natural Com este feitiço, o evocador é capaz de em pouco tempo compreender o ambiente no qual vive ou que esteja de passagem. O evocador só pode utilizar este feitiço em um local natural, como florestas, montanhas, planícies, etc. O efeito da magia dará conhecimento sobre aquela área: saberá sobre as espécies de animais e vegetais que existem naquela área. Caso haja alguma construção na localidade, ele sentirá uma perturbação na informação, mas não conseguirá definir o que é e nem onde está. O tamanho da área e a quantidade de informações, vária conforme o nível.','20 Rodadas','Variável','Instantânea',NULL);
INSERT INTO [magia] ([id],[nome],[descricao],[evocacao],[alcance],[duracao],[Nivel]) VALUES (53,'Conjuração Natural','Restrição de Uso: Ambiente Natural Através deste ritual o evocador entra em sintonia com o Plano Astral para trazer entidades deste, temporariamente à terra.O evocador imbui um corpo vegetal ao espírito Natural para que este possa habitar nosso plano físico (ver descrição de Plantores). Devido à origem mágica da incorporação, o tempo em que a mesma permanece sob operação não pode exceder o limite permitido pela magia.O poder do Plantor conjurado varia com a dificuldade do efeito usado. O custo dos materiais para a evocação deste feitiço são de 3 Moedas de ouro por dificuldade do efeito usado.Esta magia não oferece nenhuma forma de dominar o ser conjurado, para isso leia o encanto Domínio Natural.','Ritual','5m','1 ano e 1 dia',NULL);
INSERT INTO [magia] ([id],[nome],[descricao],[evocacao],[alcance],[duracao],[Nivel]) VALUES (54,'Contatos','Este encanto traz conhecimentos de fatos do passado ou do presente. Uma intuição será enviada por uma entidade, esta será na forma de respostas mais ou menos precisas (dependendo do efeito usado).O efeito de Dificuldade 1 tem evocação instantânea, mas todos os demais são rituais. A duração corresponde ao tempo que a entidade demora para dar a resposta (uma ou duas rodadas, normalmente).Algumas magias mascaram a verdade, tomando esta mágica inútil, ou até mesmo mentirosa, mas este é um evento raro. Outras vezes, a entidade pode não saber ou não querer transmitir a resposta; neste caso, a magia falha. Estas ocasiões são muito raras, e dependem de fatores que o seu Mestre de Jogo tem que manter secretos.','Variável','Pessoal','Variável',NULL);
INSERT INTO [magia] ([id],[nome],[descricao],[evocacao],[alcance],[duracao],[Nivel]) VALUES (55,'Contatos Mentais','Este feitiço permite uma insinuação do evocador na mente da vítima; inicialmente o encanto possibilita apenas uma comunicação entre os indivíduos; os efeitos mais fortes, porém, permitem entrar na mente alheia e até implantar sugestões nela.','Instantânea','Variável','Variável',NULL);
INSERT INTO [magia] ([id],[nome],[descricao],[evocacao],[alcance],[duracao],[Nivel]) VALUES (56,'Contatos Musicais','Contatos musicais é uma magia que permite a utilização de música instrumental ou vocal desliterada para transmitir informações a pessoas específicas. A música é tão melodiosa e instigante que em si carrega uma mensagem que a vítima do encanto percebe claramente. Não é possível saber de onde o encanto veio.Embora se assemelhe com ventrioloquismo, Contatos Musicais têm características próprias. A primeira delas, diferentemente de ventrioloquismo, que desloca o som e que, portanto é audível a todos os que estão próximos, é que o contato musical não pode ser entendido por nenhuma pessoa (a música tocada é audível mas a mensagem é inaudível). Assim o evocador pode fazer com que no meio de uma multidão uma pessoa específica ouça o que ele está dizendo enquanto todos os outros não podem, desde que a pessoa seja capaz de ouvir a melodia. A segunda delas é que é necessária que se faça um teste de resistência à magia para a pessoa cuja mensagem está direcionada e ela deverá falhar neste teste para que possa ouvir a mensagem, a não ser que voluntariamente ela queira escutar a mensagem.O alcance da magia é variável, pois depende do meio de execução e o ambiente no qual está inserido. Assim se o instrumento estiver sendo tocado em meio a muito barulho, é impossível a mensagem chegar a seu(s) destinatário(s). Fica a cargo do MJ determinar se o som do instrumento chegará ou não até a(s) pessoa(s), levando em consideração a sua intensidade e a quantidade de outras fontes sonoras que atrapalham a mensagem.','Instantânea','Variável','Instantânea',NULL);
INSERT INTO [magia] ([id],[nome],[descricao],[evocacao],[alcance],[duracao],[Nivel]) VALUES (57,'Controle','Concede ao evocador a capacidade de escravizar mortos-vivos à sua vontade. A quantidade, o Estágio máximo dos mortos-vivos controlados e o preço dos materiais necessários à evocação do feitiço são determinados pelo efeito usado.Cada vez que o evocador desejar controlar um morto-vivo ele deve evocar este feitiço sobre o mesmo. Caso o morto-vivo tenha sido criado pelo próprio evocador, o sucesso do controle é automático. Caso contrário, o morto-vivo terá direito a fazer uma Resistência à Magia, caso tenha sucesso ele não será controlado e tentará destruir o evocador. Caso falhe na Resistência, ele será controlado.Um morto-vivo controlado passa a ser um escravo completo do evocador, sempre procurando servir o seu mestre com o melhor de suas capacidades e de seu entendimento. Ele não pode ser convencido a agir contra o seu mestre sem uso de mágica. Jogar esta magia sobre um morto-vivo que já esteja controlado é inútil pois a segunda vez não tem nenhum efeito.Entretanto o necromante não tem capacidade para dominar mortos-vivos infinitamente, mas quanto maior seu conhecimento sobre a magia Controle maior será essa capacidade. Em termos de regras um necromante pode controlar um número máximo de mortos-vivos até 5 vezes seu total na magia Controle. Assim, um necromante com total 6 em Controle pode dominar no máximo 30 mortos vivos.Note também que o evocador poderá dominar apenas mortos-vivos até um determinado Estágio. Considera-se que mortos vivos acima deste Estágio não podem ser controlados por este evocador até que ele aprimore seus conhecimentos em Controle.O evocador não possui nenhuma forma especial de comunicação com o morto-vivo, devendo usar comandos verbais que possam ser entendidos por ele.Caso o evocador seja morto, os mortos-vivos cumprirão suas últimas instruções e então ficarão livres. O custo da evocação deste feitiço é de cinco peças de cobre por dificuldade. Lembre-se que o encanto só pode ser usado em um morto-vivo de cada vez.','10 metros','10 rodadas','Permanente',NULL);
INSERT INTO [magia] ([id],[nome],[descricao],[evocacao],[alcance],[duracao],[Nivel]) VALUES (58,'Controle Climático','Restrição de Uso: Ar Livre Esta magia permite ao evocador mudar as condições climáticas de uma região em poucas rodadas. Esta mudança, porém, não pode sair da faixa estipulada do local (não é possível fazer tempestades no deserto).Outra limitação da magia é que ela não muda radicalmente o tempo (a não ser em seus efeitos mais poderosos - 7 e 9). Toda a mudança é gradual, seguindo a linha a seguir: Tornado - Tempestade - Chuva - Muito Nublado - Normal - Céu Limpo - Calor Seco - Seca Menor - Seca Maior.A mudança pode ser em um sentido ou em outro (um céu limpo se toma normal, ou um céu limpo se toma calor seco). O poder do efeito diz quantos passos desta cadeia você pode alterar.Após o término da duração, as condições climáticas ficam livres para voltar às suas tendências antigas. Este encanto só pode ser aplicado uma vez por dia no mesmo local (ver o alcance).Para mais informações sobre estas condições de tempo, pergunte ao seu Mestre do Jogo.','3 rodadas','10km de raio','1 hora',NULL);
INSERT INTO [magia] ([id],[nome],[descricao],[evocacao],[alcance],[duracao],[Nivel]) VALUES (59,'Controle Mecânico','Com esta magia é possível o evocador controlar dispositivos mecânicos que seriam operados por uma pessoa(s) ou criaturas. Assim é possível se mover uma alavanca, um leme, uma roda ou até mesmo dispositivos tracionados por animais ou criaturas, tais como um moinho tracionado por bois, uma ponte levadiça, portão levadiço, leme de um barco, uma roda de tortura...A limitação da magia é que tem de ser um dispositivo mecânico que esteja dentro do alcance e dentro da força necessária. Mecanismos complexos exigem que o evocador saiba operá-lo ou mesmo exige que saiba a habilidade correspondente. Não é possível se operar mecanismos automáticos tais como moinhos d´água e relógios. A magia apenas permite se operar o mecanismo se este estiver operacional e sem impedimentos. Desta forma, pode-se destrancar uma porta, mas apenas se a chave já se encontrar dentro da fechadura.A magia funciona como se o evocador tivesse operando diretamente o mecanismo o que requer concentração durante a operação. O alcance da magia varia com o efeito.','Instantânea','Variável','10 rodadas',NULL);
INSERT INTO [magia] ([id],[nome],[descricao],[evocacao],[alcance],[duracao],[Nivel]) VALUES (60,'Conversão Energética','Esta magia cria um campo de força mística em torno do mago, que converte a energia das magias evocadas por outros místicos, em karma para o evocador.Após o término da evocação do feitiço, uma aura esverdeada tomará todo o corpo do evocador. A partir de então qualquer magia direta ou indireta que seja evocada contra o evocador será convertida em um numero de pontos karma para o mesmo. Note que este feitiço só age sobre a energia de magias de ataque direto (“Sono”, “Corrente”, “Covardia”, etc) ou indireto (“Bola de fogo”, “Dardos de Gelo”, “Raio Elétrico”, etc), magias como “Apelo”, “Piromanipulação”, “Sombras”, não são direcionadas contra o evocador, logo não podem ser convertidas. Magias que possam ser vinculadas ao evocador (Escuridão, Manipulação de luz, Silencio, etc) também podem ser afetadas, desde que estas sejam evocadas contra o evocador na forma de um ataque direto.Em quanto esta magia estiver ativada, qualquer dano de ataques indiretos causados por magia, que o mago receba (na EH ou EF), será convertida em karma para o evocador. Caso o evocador receba um ataque causado por magia direta, é preciso que este resista á magia, caso contrário nenhum ponto de karma é convertido.Em cada efeito da magia está descrito o numero de pontos de karma que o mago poderá converter. Caso o efeito consiga absorver uma quantidade de karma superior à usada em uma magia contra o evocador, apenas o valor correspondente ao karma gasto para evocá-la poderá ser convertido.Note que o mago não fica imune ao dano causado pela magia, este será aplicado normalmente.Caso o mago converta mais pontos de karma do que sua capacidade máxima, os pontos excedentes desaparecerão quando o efeito da magia “Conversão Energética” entrar em colapso. O tempo de duração da magia e a quantidade de pontos de karma que poderão ser convertidos variam com a dificuldade do efeito.','2 rodadas','Pessoal','Variável',NULL);
INSERT INTO [magia] ([id],[nome],[descricao],[evocacao],[alcance],[duracao],[Nivel]) VALUES (61,'Convivência','Através do encanto Convivência o evocador consegue se adaptar rapidamente aos locais pelos quais circula, podendo conhecer tudo acerca de uma vila ou cidade de forma muito mais rápida do que uma pessoa normal. Depois de evocada a magia, o místico terá um dia para conversar com as pessoas da localidade para que possa obter as informações da região.Na prática, ao final da duração da magia, o evocador saberá as principais características do local como: regime legal, deuses mais influentes, padrão de comércio, principais lendas e canções, comidas típicas, pessoas mais importantes, as festividades; enfim, o evocador passa a ter conhecimento de todas as principais informações existentes na localidade. Ao critério do MJ é possível ainda que informações mais sigilosas sejam obtidas. Nesse caso o jogador poderá fazer um ou mais testes de Persuasão de dificuldade determinada pela MJ, mas influenciada pela interpretação do jogador.Observe que todo o conhecimento não vem instantaneamente na mente do místico ao final da evocação, ele irá adquirir esse conhecimento aos poucos e, ao final da evocação, o que ele não pôde ouvir diretamente das pessoas poderá deduzir devido ao seu grande conhecimento já adquirido. Isso significa também que necessariamente o místico deverá estar se comunicando com as pessoas, sendo impossível usar esse feitiço em uma prisão ou em um local aonde as pessoas não são simpáticas ao evocador.Uma outra observação é que ao final da evocação o conhecimento não fica memorizado na mente do evocador, o que significa que ele poderá esquecer as informações obtidas. Por isso, muitos místicos capazes de usar essa magia costumam carregar consigo muitos pergaminhos para que possam registrar essas informações.De acordo com o nível, o alcance da magia aumenta, ou seja, o tamanho da localidade vai se tornando maior.','10 rodadas','Variável','1 dia',NULL);
INSERT INTO [magia] ([id],[nome],[descricao],[evocacao],[alcance],[duracao],[Nivel]) VALUES (62,'Convocação','Este milagre permite ao evocador incitar magicamente criaturas de sua mesma religião a tomarem atitudes em favor da Igreja ou de seus Sacerdotes.Inicialmente, só é possível se distinguir os fiéis da religião ou pedir pequenos favores, mas com os efeitos mais poderosos é possível se montar uma verdadeira guerra santa! Os indivíduos só são convocados caso não estejam fazendo nada essencial (médicos curando, guerreiros no meio da batalha, etc). Ao se completar o encanto, as pessoas convocadas se aproximam instintivamente do local onde está o Sacerdote. Embora a magia possa ser resistida, normalmente os fiéis não tentam resisti-Ia.','Variável','Variável','Variável',NULL);
INSERT INTO [magia] ([id],[nome],[descricao],[evocacao],[alcance],[duracao],[Nivel]) VALUES (63,'Convocação Animal','Através esta magia o evocador entra em contato com a natureza ao seu redor para convocar um grupo de animais que ficará a sua disposição para cumprir uma missão especial. É preciso que exista um motivo muito importante para que esta magia seja evocada. Caso contrário, o evocador perderá a harmonia necessária à evocação de seus feitiços e não poderá mais utilizar seus poderes, até se redimir de seu erro.Após a evocação do feitiço, uma quantidade de estágios de animais será convocada a executar uma missão. O tipo de animal convocado varia de acordo com a missão e o estágio máximo indicado no efeito, tendo como parâmetro os animais mais aptos a executar as funções destinadas (ao critério do mestre do jogo).O jogador pode ainda selecionar os animais que ele deseja convocar (desde que respeite os limites do efeito). Mas para isso ele deve ter conhecimento da existência dos animais na área de efeito. Para fazer isso ele pode utilizar os efeitos 1 e 2 desta magia, que servem para este fim.A quantidade de estágios de animais e o Estágio máximo possível para a convocação variam com a dificuldade do efeito. Esta magia tem a limitação de só poder ser evocada em ambientes naturais.','Ritual','10 km de raio','Variável',NULL);
INSERT INTO [magia] ([id],[nome],[descricao],[evocacao],[alcance],[duracao],[Nivel]) VALUES (64,'Coordenação','Com este milagre, o sacerdote de Crisagom percebe rapidamente diversas condições que afetam a batalha como o aspecto geográfico e as condições climáticas que afetam a batalha, obtendo vantagem através disso, coordenando até 4 de seus companheiros, para um melhor posicionamento que torna o grupo como um todo mais poderoso ao passo que prejudicando o outro grupo. Esse milagre concede bônus nas colunas de resolução para o próprio sacerdote e para até mais 4 pessoas e prejudica todas aquelas que os atacam, sem direito a Resistência a Magia.','1 rodada','20 metros','15 rodadas',NULL);
INSERT INTO [magia] ([id],[nome],[descricao],[evocacao],[alcance],[duracao],[Nivel]) VALUES (65,'Corrente','Com este milagre, o evocador cria uma força em forma de correntes mágicas que prendem a vítima, caso esta falhe em sua Resistência à Magia.A magia prenderá o ser na posição que este estiver, permitindo apenas movimentos mínimos que seriam como se ele realmente estivesse acorrentado. A vítima da magia não pode lançar magias, usar habilidades que necessitem de movimentação de qualquer tipo ou atacar. Apesar disso, ele não está paralisado e continua consciente do que se passa à sua volta, portanto tem direito ao uso de sua Energia Heróica para resistir a golpes.OBS: Atacar alguém que esteja imobilizado pela Magia Correntes, ou deixar por omissão alguém faça isto, é um ato de covardia e é desaprovados por todos os deuses. Neste caso o sacerdote será punido por seu deus. O MJ deve ficar atendo a este detalhe','15 metros','1 rodada','Variável',NULL);
INSERT INTO [magia] ([id],[nome],[descricao],[evocacao],[alcance],[duracao],[Nivel]) VALUES (66,'Covardia','Através dessa magia, o evocador tira o ânimo, a coragem e o heroísmo da vítima.A pessoa atacada deve fazer sua Resistência à Magia, ou perder o número de pontos de EH indicado nos efeitos abaixo. Caso a vítima seja levada a 0 de EH por essa magia, ela fugirá apavorada por 5 rodadas. Caso a vítima não tenha EH, ela apenas correrá apavorada caso falhe em sua Resistência.','Instantânea','50 metros','Variável',NULL);
INSERT INTO [magia] ([id],[nome],[descricao],[evocacao],[alcance],[duracao],[Nivel]) VALUES (67,'Criação','Este encanto permite que o evocador crie um morto-vivo por meio de um complexo ritual. O tipo de morto-vivo criado depende da dificuldade do efeito usado. Para evocar este efeito, o necromante deve dispor de um corpo morto, que deverá ser de acordo com o tipo de morto-vivo que se deseja criar (ver descrição das criaturas mortos-vivos).O nível da magia usada diz qual o estágio do morto-vivo a ser criado, assim, para criar um esqueleto, que possui nível 1, deve-se usar Criação 1. Caso o mago use Criação acima do necessário ele gastará os recursos do nível usado mas o morto-vivo não será mais poderoso.O morto-vivo criado é completamente independente do seu criador e agirá de acordo com a sua natureza, o que geralmente implica em atacar o evocador. Se desejar dominar o morto-vivo, a magia Controle deve ser usada. Este feitiço pode ser evocado conjuntamente com Controle.','Ritual','5 metros','Permanente',NULL);
INSERT INTO [magia] ([id],[nome],[descricao],[evocacao],[alcance],[duracao],[Nivel]) VALUES (68,'Criptograma Místico','Com este encanto os magos são capazes de criar ou enfeitiçar pergaminhos para enviar e receber informações com mais segurança.Os Magos geralmente usam este feitiço para guardar os segredos de uma forma mais segura ou, em certos níveis, para espionar ou descobrir espiões. Alguns usam Criptograma Místico para escrever livros que somente ele e seus companheiros possam ler.','Variável','Toque','1 ano e 1 dia',NULL);
INSERT INTO [magia] ([id],[nome],[descricao],[evocacao],[alcance],[duracao],[Nivel]) VALUES (69,'Curas Espirituais','Lutas mortais, fúria, medo, ferimentos... Diversas situações podem afetar o espírito dos aventureiros de maneira a aproximá-los da morte. Curas Espirituais é um bálsamo para a alma destes heróis cansados, renovando-os para a batalha.Esse milagre recupera imediatamente a EH do ser tocado. Uma cura, que levaria horas ou dias se faz em um instante. O processo, ainda assim, é apenas uma recuperação, pontos de cura que levem a EH acima do máximo da criatura curada são perdidos.Alguns níveis deste milagre são capazes de afetar espíritos estranhos no corpo do ser tocado, ou seja, agem como um exorcismo. O espírito que esteja possuindo o corpo deve fazer uma Resistência a magia contra o nível usado, se falhar será expulso ou destruído.Como o efeito de Curas Espirituais é toque, se faz necessário que o sacerdote e a pessoa a ser curada permaneçam completamente imóveis durante as duas rodadas de evocação do milagre.','2 rodadas','Toque','Instantânea',NULL);
INSERT INTO [magia] ([id],[nome],[descricao],[evocacao],[alcance],[duracao],[Nivel]) VALUES (70,'Curas Físicas','Esta magia cura instantaneamente ferimentos, reparando total ou parcialmente qualquer dano na EF do favorecido com o milagre. A quantidade de dano que é restaurada depende do Efeito utilizado.Note que a EF de uma criatura não pode ultrapassar o máximo que esta pessoa tem.','Instantânea','Toque','Permanente',NULL);
INSERT INTO [magia] ([id],[nome],[descricao],[evocacao],[alcance],[duracao],[Nivel]) VALUES (71,'Curas Heróicas','Durante os combates, o heroísmo dos lutadores é facilmente abatido. O cansaço e a perda de confiança são mortais em certos casos.Esse milagre recupera imediatamente a EH do ser tocado. Uma cura, que levaria horas ou dias, se faz em um instante. O processo, ainda assim, é apenas uma recuperação. Pontos de cura que levem a EH acima do máximo da criatura curada são perdidos.Para efetuar a cura, o sacerdote deverá fazer uma rolagem na coluna do nível que possuir na magia. De acordo com o resultado obtido na rolagem, certa quantia de EH será curada. A quantidade recuperada será dada pela fração conseguida na rolagem (exatamente como são aplicados os danos), ou seja, se um efeito é capaz de curar um valor máximo de 24 pontos de EH, isso quer dizer que as frações de recuperação de acordo com a rolagem serão as seguintes: 100% = 24, 75% = 18, 50% = 12 e 25% = 6. Caso o alvo não queira ser curado joga-se resistência à magia e usam-se os resultados da tabela normalmente. Um resultado crítico (cor cinza) será contado como critico de magia podendo curar mais que o descrito no efeito. Em caso de erro ou falha (branco e verde) nenhum ponto de EH é recuperado.','Instantânea','Toque','Instantânea',NULL);
INSERT INTO [magia] ([id],[nome],[descricao],[evocacao],[alcance],[duracao],[Nivel]) VALUES (72,'Dardos de Gelo','Este feitiço cria 3 dardos pontiagudos de gelo no ar, os quais imediatamente se lançam às vítimas escolhidas pelo evocador. Caso mais de um dardo seja direcionado contra o mesmo alvo, o dano máximo é aumentado em 4 pontos por dardo.Por exemplo, se um mago evocar o efeito 1, ele pode laçar 3 dardos com dano máximo 8 contra três alvos, ou dois dardos contra dois alvos onde um dardo tem dano máximo 8 e outro tem dano máximo 12, ou 1 único dardo com dano máximo 16. O dano máximo de cada dardo é determinado pelo efeito que está sendo usado.Após atingir (ou não) o inimigo o dardo se fragmenta, derrete rapidamente e em seguida toda a água desaparece. Todo esse processo demora uma rodada (daí a Duração do feitiço).','Instantânea','50 Metros','1 Rodada',NULL);
INSERT INTO [magia] ([id],[nome],[descricao],[evocacao],[alcance],[duracao],[Nivel]) VALUES (73,'Degeneração Física','Esta praga é usada normalmente para punições exemplares. A dor causada por esta magia impede a vítima de agir normalmente até o final da duração (normalmente longa).Caso a vítima do feitiço falhe em sua Resistência à Magia, ela sentirá dores tão fortes que terá penalidades para todas as Habilidades e para o combate.','Instantânea','15 metros','Variável',NULL);
INSERT INTO [magia] ([id],[nome],[descricao],[evocacao],[alcance],[duracao],[Nivel]) VALUES (74,'Desertificação','Esta magia cria uma energia degenerativa que destrói a vida vegetal de uma área tornando-a deserta. A ação desta magia é imediata, após a evocação ser concretizada a vida vegetal começa a morrer em um ritmo muito acelerado se estendendo até o alcance máximo da magia. Quanto mais poderosa a magia, maior será a área do efeito e mais catastrófica será a desertificação.Esta magia é perigosa podendo causar sérios danos á natureza, sendo por esse motivo, usada em ultima instancia pelos Naturalistas.È possível diminuir o raio de abrangência da desertificação conforme a vontade do evocador.','10 rodadas','Variável','Permanente',NULL);
INSERT INTO [magia] ([id],[nome],[descricao],[evocacao],[alcance],[duracao],[Nivel]) VALUES (75,'Desintegração','Esta magia destrói as forças de coesão da matéria transformando objetos ou criaturas em uma tênue nuvem (a matéria dispersada).Este encanto é muito eficiente contra objetos, mas qualquer ser com aura é dificilmente atingido por ele. Mesmo os vegetais, têm mana suficiente para atrapalhar o encanto. Qualquer criatura viva tem o direito a um teste de Resistência à Magia para escapar de seus efeitos. Minerais e vegetais mortos (madeira) não têm esse direito.Uma criatura só pode ser atingida por este encanto, se toda a sua aura for ameaçada, ou seja, o efeito deve ser grande o suficiente para atingir todo o corpo da vítima, ou a magia falha.Objetos, porém, podem ser desintegrados parcialmente (uma parede pode ser destruída aos poucos).Os efeitos indicam o tipo de material que pode ser atingido, as dimensões e volumes, a quantidade de alvos afetados de uma vez e seu alcance.Alguns efeitos desta magia permitem que o mago desintegre vários objetos e/ou criaturas com apenas uma evocação, basta que a soma dos volumes (dimensões), e a quantidade de objetos afetados não ultrapasse o total que o nível da magia suporta. Outra limitação é que o(s) objeto(s) afetado(s) deve(m) estar no campo de visão do mago.Ex: Um mago deseja fugir de determinado local e para isso quer desintegrar duas tochas presas à parede que iluminam a sala onde está. Ele opta por usar o nível 6 do feitiço Desintegração e as tochas se desfazem imediatamente.','1 rodada','Variável','Instantânea',NULL);
INSERT INTO [magia] ([id],[nome],[descricao],[evocacao],[alcance],[duracao],[Nivel]) VALUES (76,'Deslocamento Natural','Restrição de Uso: Ambiente Natural Com esta magia o evocador manterá sua mente e corpo, concentrados apenas em seu deslocamento, adquirindo a capacidade de se movimentar em ambientais naturais de difícil acesso (como pântanos, areia fofa, ladeiras íngremes etc...), como se estivesse atravessando normalmente.O deslocamento do evocador será feito como se ele estivesse em terreno com menor dificuldade de acesso.Quanto mais alto for o nível da magia maior será o tempo máximo do deslocamento natural e mais difícil será o ambiente pelo qual o evocador poderá trafegar normalmente, podendo chegar até mesmo á níveis sobre-humanos de deslocamento.Note que os efeitos da magia se aplicam apenas enquanto o evocador estiver “se deslocando”, sendo assim, caso ele execute um ataque ou tome qualquer outra ação enquanto estiver sob efeito do deslocamento natural, esta será instantaneamente quebrada.As situações não previstas serão aplicadas da maneira que o mestre do jogo achar mais condizente com o nível usado. Esta magia tem a limitação de só poder ser evocada em ambientes naturais.','Instantânea','Pessoal','Variável',NULL);
INSERT INTO [magia] ([id],[nome],[descricao],[evocacao],[alcance],[duracao],[Nivel]) VALUES (77,'Despistamento','Esta magia permite que o evocador apague os rastros deixados por si mesmo e/ou seus companheiros, tornando mais difíceis o,, rolamentos de Seguir Trilhas para alguém que deseje segui-lo Este encanto pode ser usado apenas em ambiente natural.','3 rodadas','Toque','3 horas',NULL);
INSERT INTO [magia] ([id],[nome],[descricao],[evocacao],[alcance],[duracao],[Nivel]) VALUES (78,'Detecção de Magia','Este encantamento permite que o evocador detecte a aura emanada por qualquer objeto mágico ou local onde haja magia em operação. O objeto ou local testado brilha de maneira visível caso haja magia no mesmo. Com o passar dos níveis o evocador passa a obter informações sobre a natureza e a força da magia presente. Para poder usar essa magia o evocador deve ter uma linha de visão para o objeto.Caso queira utilizar esse feitiço em pessoas, as mesmas terão direito a uma resistência à magia. Se passarem, nenhuma informação é obtida. Caso não passem, poderá ser detectado se há ou não magia nessa pessoa. Quanto maior o nível, maiores poderão ser as informações detectadas nessa pessoa.Note que, caso uma área esteja sob o efeito de uma magia, toda a área brilhará. Deste modo, não se poderá determinar se existe algum objeto que brilha a área, por exemplo, pois não será possível distinguir o brilho do objeto do brilho do local. No caso de pessoas, também não será possível distinguir o efeito. Tanto para um, quanto para outro, se houver mais de um encanto, as informações obtidas serão sempre a do feitiço mais poderoso (maior nível).O nível 10 é a única exceção a essa regra.','Instantânea','Variável','1 rodada',NULL);
INSERT INTO [magia] ([id],[nome],[descricao],[evocacao],[alcance],[duracao],[Nivel]) VALUES (79,'Detecções','Com este milagre, o sacerdote detecta emanações oriundas de locais e seres malédicos, detectando o mal, conforme visto nos efeitos. O que se descobre através deste encanto aparece na mente do evocador.','2 rodadas','1 km','3 rodadas',NULL);
INSERT INTO [magia] ([id],[nome],[descricao],[evocacao],[alcance],[duracao],[Nivel]) VALUES (80,'Detectar Intenção','Com este encanto, o evocador pode detectar fortes intenções que uma pessoa possa ter em relação ao evocador, nos níveis iniciais, ou alguma pessoa mencionada pelo evocador. Essa magia só pode ser evocada em uma conversa entre a vítima e o evocador da magia. A evocação é totalmente discreta e imperceptível por meios normais.Intenções fracas não são podem ser detectadas (exemplo de fraca intenção: vou ficar perto do taverneiro pra ver se eu consigo um pouco de vinho).','Instantânea','Pessoal','3 rodadas',NULL);
INSERT INTO [magia] ([id],[nome],[descricao],[evocacao],[alcance],[duracao],[Nivel]) VALUES (81,'Distração','Com a magia distração, o evocador é capaz de chamar rapidamente a atenção das pessoas em sua volta para onde quer que queira, de forma a ganhar tempo para fazer uma ação. Nos níveis iniciais apenas se consegue atrair para locais aonde há maior facilidade de dispersão, mas conforme o nível aumenta, as possibilidades se ampliam.Ao evocar a magia, o evocador escolhe alguma coisa para atrair a atenção das pessoas; caso as pessoas não passem na Resistência à Magia elas irão obrigatoriamente olhar para o objeto indicado pelo evocador. Caso passem, elas não serão obrigadas a olhar, mas mesmo assim ficarão curiosas para ver. O efeito prático disso é que o evocador ganhará a iniciativa para que possa tomar alguma ação, como esconder, correr, furtar entre outras possibilidades. Quanto mais movimentado for o local, mais fácil será para tirar a atenção de si (um festival oferece bem mais oportunidades de distração do que um deserto).','Instantânea','20 metros','Instantânea',NULL);
INSERT INTO [magia] ([id],[nome],[descricao],[evocacao],[alcance],[duracao],[Nivel]) VALUES (82,'Doenças','Este feitiço, infecta um adversário com uma doença. A magia está apenas no modo em que a doença contamina a vítima. Ou seja, a doença não pode ser retirada quebrando-se o encanto. A vítima tem direito a uma Resistência a Magia. Caso passe, o encanto não tem nenhum Efeito.Os tempos de cura das doenças são indicados nos efeitos (o uso de magia pode abreviá-los). Note que a doença infecta a vítima imediatamente como se ela já estivesse em estágio avançado. Por isso, o tempo de cura contará corno o tempo que a doença leva para se curar a partir do momento da falha na Resistência à Magia. Todos os ajustes causados pelas doenças são recebidos imediatamente.','Instantânea','30 metros','Instantânea',NULL);
INSERT INTO [magia] ([id],[nome],[descricao],[evocacao],[alcance],[duracao],[Nivel]) VALUES (83,'Domínio','A magia Domínio põe sob o controle de seu evocador um ou mais elementais, caso os mesmos falhem em suas Resistências à Magia. A quantidade de elementais e qual o tipo mais poderoso passível de ser afetado dependem do Efeito utilizado.Cada Efeito desta magia pode afetar apenas um número máximo de Estágios. Caso exista elementais dentro do alcance (de um tipo que possa ser afetado - ver abaixo) cuja soma dos Estágios seja superior ao número de Estágios que o Efeito usado tem condições de afetar, os mais fracos são afetados primeiro.Além disso cada Efeito pode afetar apenas elementais de certo tipo ou menos. Elementais de tipo superior ao que o efeito pode afetar ignoram o feitiço (em compensação, eles não contam para o número máximo de Estágios que podem ser afetados).Esta magia afetará elementais de qualquer origem (fogo, ar, água ou terra), desde que estes possam ser afetados pelo efeito utilizado.Cada Elemental que o evocador tenta dominar recebe uma Resistência à Magia. Os que obtiverem sucesso não serão afetados. Além disso, eles geralmente passam a ver o evocador como uma ameaça e atacarão o mesmo em preferência a todos os outros adversários.Elementais que falhem em suas Resistências à Magia passam a servir o evocador com o melhor de suas capacidades pela Duração do efeito. Eles obedecerão todos os comandos do evocador fielmente. O evocador não precisa se concentrar para que os elementais o obedeçam.Ao final do tempo de dominação o Elemental adquirirá imunidade a magia “Domínio” do evocador que o dominou, por isso, este mesmo Elemental não poderá ser dominado novamente por este evocador até retornar a seu plano. O tempo em que os elementais permanecem dominados, varia com o efeito usado','uma rodada','30 metros','variável',NULL);
INSERT INTO [magia] ([id],[nome],[descricao],[evocacao],[alcance],[duracao],[Nivel]) VALUES (84,'Domínio Mental','Com este encanto o mago é capaz de controlar a vontade de seres inteligentes que tenham falhado no seu teste de Resistência a Magia. Os seres controlados obedecerão a todas as ordens dadas pelo evocador com o máximo de suas capacidades, desde que estas não sejam postas em perigo (pelo menos não claramente) ou que sejam ordenados a fazerem coisas contra sua índole. Caso isto ocorra a vítima terá direito a um segundo teste de resistência para não cumprir esta ordem. Esta magia não afeta mortos-vivos e criaturas de outros planos (demônios, enviados, plantores, etc).O mago tem que falar a mesma língua do ser enfeitiçado, se não ele não saberá como obedecer, pois não entenderá as ordens. Veja que esta magia domina a mente, mas não é possível ter acesso as memórias da vítima, ou seja, o ser enfeitiçado obedecerá a qualquer ordem, para fazer algo, que pode ser uma ação simples (andar, pegar um objeto, ficar parada, ect), combater e até mesmo fazer uma magia (que o mago saiba que ela sabe fazer). Domínio mental anula a consciência da pessoa, impedindo que se peça para que ela revele qualquer informação que ela saiba.Ao contrário da magia Amizade, após o termino da magia a vítima sempre terá consciência de que foi enfeitiçada, o que normalmente fará que ela odeie o mago. Caso seja forçada a fazer algo contra sua índole ela passará a ter um ódio mortal contra o mago, passando então a fazer de tudo para matar o mago.A quantidade de seres e de estágios afetados, a duração do domínio e o alcance dependem do nível de encanto utilizado.','1 rodada','3 metros','Variável',NULL);
INSERT INTO [magia] ([id],[nome],[descricao],[evocacao],[alcance],[duracao],[Nivel]) VALUES (85,'Domínio Natural','Esta magia obriga um (1) Plantor à servidão ou a prestar um serviço para o evocador. O poder do Plantor dominado e o tempo que ele permanece a serviço do evocador variam com a dificuldade do Efeito usado.Cada vez que o evocador desejar controlar um Plantor, ele deverá evocar este feitiço sobre o mesmo. Caso o ser resista à magia não será dominado e se possível irá atacar o evocador. Caso falhe será dominado.Existem dois tipos de dominação a servidão e o serviço. A servidão transforma o Plantor em um servo do evocador até que seu tempo de estadia no mundo físico se esgote. Durante este tempo, o Plantor sempre obedecerá o evocador servindo-o com o melhor de suas capacidades. Um evocador pode ter no máximo dois Plantares servindo-o ao mesmo tempo, sob quaisquer circunstâncias.O serviço obriga o Plantor a realizar uma tarefa e então ficará livre para viver no mundo físico até que seu tempo de estadia neste se esgote. O evocador deve dar instruções ao Plantor sobre como realizar a Missão, e o ser vai então cumpri-la. Caso a missão demore mais de uma semana o Plantor fica livre após este período. Um evocador pode ter no máximo cinco Plantores prestando serviços para si ao mesmo tempo.Um mesmo Plantor não pode ser dominado duas vezes pelo mesmo evocador, em outras palavras ele ganha imunidade ao encanto deste mago. Mas nada impede que outro evocador domine este mesmo Plantor.','1 rodada','20 metros','Variável.',NULL);

INSERT INTO [localidade] ([id],[id_pai],[nome],[brasao],[nota],[autor],[x],[y]) VALUES (1,-1,'Levânia','clevania.png','Viver na Levânia é como viver sob as areias de um grande mistério ancestral e perigoso. Isso faz com que a vida lá nunca seja uma experiência entediante.','Alvim Maltarabi, Guia do Deserto de Blirga',0,815);
INSERT INTO [localidade] ([id],[id_pai],[nome],[brasao],[nota],[autor],[x],[y]) VALUES (2,-1,'Eredra','ceredra.png','Que realizações temos de fato para mostrar aos nossos filhos e netos?','Frase atribuída ao usurpador Volin Goguistá, o Conquistador',409,938);
INSERT INTO [localidade] ([id],[id_pai],[nome],[brasao],[nota],[autor],[x],[y]) VALUES (3,-1,'Verrogar','cverrogar.png','Só existem dois tipos de pessoas no mundo: os governantes e governados; os líderes e os liderados. Eu sou um líder! E acredito religiosamente que os verrogaris nasceram para governar todos os outros povos! Portanto, todos aqueles que discordem de mim que reúnam seus exércitos e empunhem suas espadas, pois nós não tardaremos em subjugar todos em nosso caminho!! E por Crezir, o meu sangue não será o primeiro a correr... que vença o melhor!','Idhor Maximus, general das tropas verrogaris',431,750);
INSERT INTO [localidade] ([id],[id_pai],[nome],[brasao],[nota],[autor],[x],[y]) VALUES (4,-1,'Calco','ccalco.png','Quer vir para Calco? Sim, pois então espere paz, prosperidade e boa educação, mas lembre-se: ser cidadão é participar, e participar de um reino como Calco, um modelo aos demais reinos menos civilizados. Por isso cidadão, seja bem-vindo e a partir de agora seja um modelo de civilidade.','Egelon Martine, Conselheiro e Diplomata de Calco',175,300);
INSERT INTO [localidade] ([id],[id_pai],[nome],[brasao],[nota],[autor],[x],[y]) VALUES (5,-1,'Plana','cplana.png','Ei, ei, são aventureiros, não? Sim, claro que são, por suas roupas e modo de falar. Querem fazer um dinheirinho extra por um pequeno trabalho? ótimo! Mas entendam, tudo deve ocorrer conforme o combinado, qualquer coisa diferente e nada de recompensa. Mas venham logo, as coisas por aqui mudam de preço rápido, vão indo, vão, e se voltarem antes do prazo, um gordo bônus os esperam, vão logo. Até mais ver.','Teleonor Vilas Grandes, dono da vinícola Vilas Grandes',26,393);
INSERT INTO [localidade] ([id],[id_pai],[nome],[brasao],[nota],[autor],[x],[y]) VALUES (6,-1,'Acordo','cacordo.png','','',0,393);
INSERT INTO [localidade] ([id],[id_pai],[nome],[brasao],[nota],[autor],[x],[y]) VALUES (7,-1,'Porto Livre','cportolivre.png','','',634,468);
INSERT INTO [localidade] ([id],[id_pai],[nome],[brasao],[nota],[autor],[x],[y]) VALUES (8,-1,'Azanti','cazanti.png','','',440,333);
INSERT INTO [localidade] ([id],[id_pai],[nome],[brasao],[nota],[autor],[x],[y]) VALUES (9,-1,'Dantsen','cdantsen.png','','',544,925);
INSERT INTO [localidade] ([id],[id_pai],[nome],[brasao],[nota],[autor],[x],[y]) VALUES (10,-1,'Conti','cconti.png','','',283,287);
INSERT INTO [localidade] ([id],[id_pai],[nome],[brasao],[nota],[autor],[x],[y]) VALUES (11,-1,'Filanti','cfilanti.png','','',411,457);
INSERT INTO [localidade] ([id],[id_pai],[nome],[brasao],[nota],[autor],[x],[y]) VALUES (12,-1,'Marana','cmarana.png','','',499,691);
INSERT INTO [localidade] ([id],[id_pai],[nome],[brasao],[nota],[autor],[x],[y]) VALUES (13,-1,'Luna','cluna.png','','',634,595);
INSERT INTO [localidade] ([id],[id_pai],[nome],[brasao],[nota],[autor],[x],[y]) VALUES (14,-1,'Portis','cportis.png','','',634,408);
INSERT INTO [localidade] ([id],[id_pai],[nome],[brasao],[nota],[autor],[x],[y]) VALUES (16,-1,'Ludgrim','cludgrim.png','','',195,1046);
INSERT INTO [localidade] ([id],[id_pai],[nome],[brasao],[nota],[autor],[x],[y]) VALUES (17,-1,'Abadom','cabadom.png','','',0,510);
INSERT INTO [localidade] ([id],[id_pai],[nome],[brasao],[nota],[autor],[x],[y]) VALUES (18,-1,'Cidade-Estado de Pino','cpino.png',NULL,NULL,368,220);
INSERT INTO [localidade] ([id],[id_pai],[nome],[brasao],[nota],[autor],[x],[y]) VALUES (19,-1,'Cidade-Estado de Novo Porto','cnovoporto.png',NULL,NULL,499,182);
INSERT INTO [localidade] ([id],[id_pai],[nome],[brasao],[nota],[autor],[x],[y]) VALUES (20,-1,'Cidade-Estado de Quizes','cquizes.png',NULL,NULL,400,243);
INSERT INTO [localidade] ([id],[id_pai],[nome],[brasao],[nota],[autor],[x],[y]) VALUES (21,-1,'Cidade-Estado de Torbel','ctorbel.png',NULL,NULL,573,205);
INSERT INTO [localidade] ([id],[id_pai],[nome],[brasao],[nota],[autor],[x],[y]) VALUES (22,-1,'Cidade-Estado de Ender','cender.png',NULL,NULL,379,280);
INSERT INTO [localidade] ([id],[id_pai],[nome],[brasao],[nota],[autor],[x],[y]) VALUES (23,-1,'Cidade-Estado de Estepe','cestepe.png','Democracia? Ora, não venha me falar dos devaneios de uns poucos, isso jamais dará certo. A vida aqui em Estepe é perfeita como é, pois essa é a verdade, as pessoas são naturalmente divididas entre livres e escravos, essa é a natureza, como ir contra ela? Agora, se você for um homem livre, sinta-se a vontade, bem-vindo as Cidades-Estado, bem-vindo a Estepe.','Lorde Menelau, Oligarca-Regente de Estepe',634,280);
INSERT INTO [localidade] ([id],[id_pai],[nome],[brasao],[nota],[autor],[x],[y]) VALUES (24,1,'Cidade de Sadom',NULL,NULL,NULL,0,0);
INSERT INTO [localidade] ([id],[id_pai],[nome],[brasao],[nota],[autor],[x],[y]) VALUES (25,1,'Cidade de Rokor',NULL,NULL,NULL,0,0);
INSERT INTO [localidade] ([id],[id_pai],[nome],[brasao],[nota],[autor],[x],[y]) VALUES (26,1,'Cidade de Ingru',NULL,NULL,NULL,0,0);
INSERT INTO [localidade] ([id],[id_pai],[nome],[brasao],[nota],[autor],[x],[y]) VALUES (27,1,'Cidade de Dameste',NULL,NULL,NULL,0,0);
INSERT INTO [localidade] ([id],[id_pai],[nome],[brasao],[nota],[autor],[x],[y]) VALUES (28,1,'Cidade de Sika',NULL,NULL,NULL,0,0);
INSERT INTO [localidade] ([id],[id_pai],[nome],[brasao],[nota],[autor],[x],[y]) VALUES (29,1,'Cidade de Beruni',NULL,NULL,NULL,0,0);
INSERT INTO [localidade] ([id],[id_pai],[nome],[brasao],[nota],[autor],[x],[y]) VALUES (30,1,'Cidade de Altarap',NULL,NULL,NULL,0,0);
INSERT INTO [localidade] ([id],[id_pai],[nome],[brasao],[nota],[autor],[x],[y]) VALUES (31,2,'Cidade de Efrin',NULL,NULL,NULL,0,0);
INSERT INTO [localidade] ([id],[id_pai],[nome],[brasao],[nota],[autor],[x],[y]) VALUES (32,2,'Cidade de Itéria',NULL,NULL,NULL,0,0);
INSERT INTO [localidade] ([id],[id_pai],[nome],[brasao],[nota],[autor],[x],[y]) VALUES (33,2,'Cidade de Brual',NULL,NULL,NULL,0,0);
INSERT INTO [localidade] ([id],[id_pai],[nome],[brasao],[nota],[autor],[x],[y]) VALUES (34,2,'Cidade de Diam',NULL,NULL,NULL,0,0);
INSERT INTO [localidade] ([id],[id_pai],[nome],[brasao],[nota],[autor],[x],[y]) VALUES (35,2,'Cidade de Igara',NULL,NULL,NULL,0,0);
INSERT INTO [localidade] ([id],[id_pai],[nome],[brasao],[nota],[autor],[x],[y]) VALUES (36,2,'Cidade de Samor',NULL,NULL,NULL,0,0);
INSERT INTO [localidade] ([id],[id_pai],[nome],[brasao],[nota],[autor],[x],[y]) VALUES (37,2,'Cidade de Tanue',NULL,NULL,NULL,0,0);
INSERT INTO [localidade] ([id],[id_pai],[nome],[brasao],[nota],[autor],[x],[y]) VALUES (38,3,'Cidade de Treva',NULL,NULL,NULL,0,0);
INSERT INTO [localidade] ([id],[id_pai],[nome],[brasao],[nota],[autor],[x],[y]) VALUES (39,3,'Cidade de Fontenova',NULL,NULL,NULL,0,0);
INSERT INTO [localidade] ([id],[id_pai],[nome],[brasao],[nota],[autor],[x],[y]) VALUES (40,3,'Cidade de Sula',NULL,NULL,NULL,0,0);
INSERT INTO [localidade] ([id],[id_pai],[nome],[brasao],[nota],[autor],[x],[y]) VALUES (41,3,'Cidade de Lutrúcia',NULL,NULL,NULL,0,0);
INSERT INTO [localidade] ([id],[id_pai],[nome],[brasao],[nota],[autor],[x],[y]) VALUES (42,3,'Cidade de Crássia',NULL,NULL,NULL,0,0);
INSERT INTO [localidade] ([id],[id_pai],[nome],[brasao],[nota],[autor],[x],[y]) VALUES (43,3,'Cidade de Seviala',NULL,NULL,NULL,0,0);
INSERT INTO [localidade] ([id],[id_pai],[nome],[brasao],[nota],[autor],[x],[y]) VALUES (44,3,'Cidade de Aberdim',NULL,NULL,NULL,0,0);
INSERT INTO [localidade] ([id],[id_pai],[nome],[brasao],[nota],[autor],[x],[y]) VALUES (45,4,'Cidade de Saravossa',NULL,NULL,NULL,0,0);
INSERT INTO [localidade] ([id],[id_pai],[nome],[brasao],[nota],[autor],[x],[y]) VALUES (46,4,'Cidade de Malocai',NULL,NULL,NULL,0,0);
INSERT INTO [localidade] ([id],[id_pai],[nome],[brasao],[nota],[autor],[x],[y]) VALUES (47,4,'Cidade de Carom',NULL,NULL,NULL,0,0);
INSERT INTO [localidade] ([id],[id_pai],[nome],[brasao],[nota],[autor],[x],[y]) VALUES (48,4,'Cidade de Bassani',NULL,NULL,NULL,0,0);
INSERT INTO [localidade] ([id],[id_pai],[nome],[brasao],[nota],[autor],[x],[y]) VALUES (49,4,'Cidade de Torojai',NULL,NULL,NULL,0,0);
INSERT INTO [localidade] ([id],[id_pai],[nome],[brasao],[nota],[autor],[x],[y]) VALUES (50,4,'Cidade de Saupami',NULL,NULL,NULL,0,0);
INSERT INTO [localidade] ([id],[id_pai],[nome],[brasao],[nota],[autor],[x],[y]) VALUES (51,4,'Cidade de Tória',NULL,NULL,NULL,0,0);
INSERT INTO [localidade] ([id],[id_pai],[nome],[brasao],[nota],[autor],[x],[y]) VALUES (52,4,'Cidade de Abrasil',NULL,NULL,NULL,0,0);
INSERT INTO [localidade] ([id],[id_pai],[nome],[brasao],[nota],[autor],[x],[y]) VALUES (53,5,'Cidade de Caleonir',NULL,NULL,NULL,0,0);
INSERT INTO [localidade] ([id],[id_pai],[nome],[brasao],[nota],[autor],[x],[y]) VALUES (54,5,'Cidade de Aradelis',NULL,NULL,NULL,0,0);
INSERT INTO [localidade] ([id],[id_pai],[nome],[brasao],[nota],[autor],[x],[y]) VALUES (55,5,'Cidade de Porto Velho',NULL,NULL,NULL,0,0);
INSERT INTO [localidade] ([id],[id_pai],[nome],[brasao],[nota],[autor],[x],[y]) VALUES (56,5,'Cidade de Balistro',NULL,NULL,NULL,0,0);
INSERT INTO [localidade] ([id],[id_pai],[nome],[brasao],[nota],[autor],[x],[y]) VALUES (57,5,'Cidade de Omarge',NULL,NULL,NULL,0,0);
INSERT INTO [localidade] ([id],[id_pai],[nome],[brasao],[nota],[autor],[x],[y]) VALUES (58,5,'Cidade de Cipa',NULL,NULL,NULL,0,0);
INSERT INTO [localidade] ([id],[id_pai],[nome],[brasao],[nota],[autor],[x],[y]) VALUES (59,5,'Cidade de Alimar',NULL,NULL,NULL,0,0);
INSERT INTO [localidade] ([id],[id_pai],[nome],[brasao],[nota],[autor],[x],[y]) VALUES (60,5,'Cidade de Pórtis',NULL,NULL,NULL,0,0);
INSERT INTO [localidade] ([id],[id_pai],[nome],[brasao],[nota],[autor],[x],[y]) VALUES (61,6,'Cidade de Porto Áureo',NULL,NULL,NULL,0,0);
INSERT INTO [localidade] ([id],[id_pai],[nome],[brasao],[nota],[autor],[x],[y]) VALUES (62,6,'Cidade de Palom',NULL,NULL,NULL,0,0);
INSERT INTO [localidade] ([id],[id_pai],[nome],[brasao],[nota],[autor],[x],[y]) VALUES (63,6,'Cidade de Coberae',NULL,NULL,NULL,0,0);
INSERT INTO [localidade] ([id],[id_pai],[nome],[brasao],[nota],[autor],[x],[y]) VALUES (64,6,'Cidade de Minas Mon',NULL,NULL,NULL,0,0);
INSERT INTO [localidade] ([id],[id_pai],[nome],[brasao],[nota],[autor],[x],[y]) VALUES (65,6,'Cidade de Pratissi',NULL,NULL,NULL,0,0);
INSERT INTO [localidade] ([id],[id_pai],[nome],[brasao],[nota],[autor],[x],[y]) VALUES (66,7,'Cidade de Quessedir',NULL,NULL,NULL,0,0);
INSERT INTO [localidade] ([id],[id_pai],[nome],[brasao],[nota],[autor],[x],[y]) VALUES (67,8,'Cidade de Zanta',NULL,NULL,NULL,0,0);
INSERT INTO [localidade] ([id],[id_pai],[nome],[brasao],[nota],[autor],[x],[y]) VALUES (68,8,'Cidade de Grabo',NULL,NULL,NULL,0,0);
INSERT INTO [localidade] ([id],[id_pai],[nome],[brasao],[nota],[autor],[x],[y]) VALUES (69,8,'Cidade de Mirval',NULL,NULL,NULL,0,0);
INSERT INTO [localidade] ([id],[id_pai],[nome],[brasao],[nota],[autor],[x],[y]) VALUES (70,9,'Cidade de Léon',NULL,NULL,NULL,0,0);
INSERT INTO [localidade] ([id],[id_pai],[nome],[brasao],[nota],[autor],[x],[y]) VALUES (71,9,'Cidade de Calinior',NULL,NULL,NULL,0,0);
INSERT INTO [localidade] ([id],[id_pai],[nome],[brasao],[nota],[autor],[x],[y]) VALUES (72,9,'Cidade de Novini',NULL,NULL,NULL,0,0);
INSERT INTO [localidade] ([id],[id_pai],[nome],[brasao],[nota],[autor],[x],[y]) VALUES (73,9,'Cidade de Porteval',NULL,NULL,NULL,0,0);
INSERT INTO [localidade] ([id],[id_pai],[nome],[brasao],[nota],[autor],[x],[y]) VALUES (74,9,'Cidade de Isalibel',NULL,NULL,NULL,0,0);
INSERT INTO [localidade] ([id],[id_pai],[nome],[brasao],[nota],[autor],[x],[y]) VALUES (75,10,'Cidade de Muli',NULL,NULL,NULL,0,0);
INSERT INTO [localidade] ([id],[id_pai],[nome],[brasao],[nota],[autor],[x],[y]) VALUES (76,10,'Cidade de Ambernita',NULL,NULL,NULL,0,0);
INSERT INTO [localidade] ([id],[id_pai],[nome],[brasao],[nota],[autor],[x],[y]) VALUES (77,10,'Cidade de Pontalina',NULL,NULL,NULL,0,0);
INSERT INTO [localidade] ([id],[id_pai],[nome],[brasao],[nota],[autor],[x],[y]) VALUES (78,10,'Cidade de Ruínas de Moldazi',NULL,NULL,NULL,0,0);
INSERT INTO [localidade] ([id],[id_pai],[nome],[brasao],[nota],[autor],[x],[y]) VALUES (79,10,'Cidade de Virena',NULL,NULL,NULL,0,0);
INSERT INTO [localidade] ([id],[id_pai],[nome],[brasao],[nota],[autor],[x],[y]) VALUES (80,11,'Cidade de Chats',NULL,NULL,NULL,0,0);
INSERT INTO [localidade] ([id],[id_pai],[nome],[brasao],[nota],[autor],[x],[y]) VALUES (81,11,'Cidade de Fétor',NULL,NULL,NULL,0,0);
INSERT INTO [localidade] ([id],[id_pai],[nome],[brasao],[nota],[autor],[x],[y]) VALUES (82,11,'Cidade de Agrápia',NULL,NULL,NULL,0,0);
INSERT INTO [localidade] ([id],[id_pai],[nome],[brasao],[nota],[autor],[x],[y]) VALUES (83,11,'Cidade de Pacri',NULL,NULL,NULL,0,0);
INSERT INTO [localidade] ([id],[id_pai],[nome],[brasao],[nota],[autor],[x],[y]) VALUES (84,11,'Cidade de Povariana',NULL,NULL,NULL,0,0);
INSERT INTO [localidade] ([id],[id_pai],[nome],[brasao],[nota],[autor],[x],[y]) VALUES (85,11,'Cidade de Capela',NULL,NULL,NULL,0,0);
INSERT INTO [localidade] ([id],[id_pai],[nome],[brasao],[nota],[autor],[x],[y]) VALUES (86,11,'Cidade de Mutina',NULL,NULL,NULL,0,0);
INSERT INTO [localidade] ([id],[id_pai],[nome],[brasao],[nota],[autor],[x],[y]) VALUES (87,11,'Cidade de Litória Nova',NULL,NULL,NULL,0,0);
INSERT INTO [localidade] ([id],[id_pai],[nome],[brasao],[nota],[autor],[x],[y]) VALUES (88,11,'Cidade de Pechara',NULL,NULL,NULL,0,0);
INSERT INTO [localidade] ([id],[id_pai],[nome],[brasao],[nota],[autor],[x],[y]) VALUES (89,11,'Cidade de Rapso',NULL,NULL,NULL,0,0);
INSERT INTO [localidade] ([id],[id_pai],[nome],[brasao],[nota],[autor],[x],[y]) VALUES (90,11,'Cidade de Verda',NULL,NULL,NULL,0,0);
INSERT INTO [localidade] ([id],[id_pai],[nome],[brasao],[nota],[autor],[x],[y]) VALUES (91,12,'Cidade de Sensera',NULL,NULL,NULL,0,0);
INSERT INTO [localidade] ([id],[id_pai],[nome],[brasao],[nota],[autor],[x],[y]) VALUES (92,12,'Cidade de Litória',NULL,NULL,NULL,0,0);
INSERT INTO [localidade] ([id],[id_pai],[nome],[brasao],[nota],[autor],[x],[y]) VALUES (93,12,'Cidade de Magiara',NULL,NULL,NULL,0,0);
INSERT INTO [localidade] ([id],[id_pai],[nome],[brasao],[nota],[autor],[x],[y]) VALUES (94,12,'Cidade de Caliana',NULL,NULL,NULL,0,0);
INSERT INTO [localidade] ([id],[id_pai],[nome],[brasao],[nota],[autor],[x],[y]) VALUES (95,12,'Cidade de Chipara',NULL,NULL,NULL,0,0);
INSERT INTO [localidade] ([id],[id_pai],[nome],[brasao],[nota],[autor],[x],[y]) VALUES (96,12,'Cidade de Lubliama',NULL,NULL,NULL,0,0);
INSERT INTO [localidade] ([id],[id_pai],[nome],[brasao],[nota],[autor],[x],[y]) VALUES (97,12,'Cidade de Portiara',NULL,NULL,NULL,0,0);
INSERT INTO [localidade] ([id],[id_pai],[nome],[brasao],[nota],[autor],[x],[y]) VALUES (98,13,'Cidade de Franges',NULL,NULL,NULL,0,0);
INSERT INTO [localidade] ([id],[id_pai],[nome],[brasao],[nota],[autor],[x],[y]) VALUES (99,13,'Cidade de Lagia',NULL,NULL,NULL,0,0);
INSERT INTO [localidade] ([id],[id_pai],[nome],[brasao],[nota],[autor],[x],[y]) VALUES (100,13,'Cidade de Obrem',NULL,NULL,NULL,0,0);
INSERT INTO [localidade] ([id],[id_pai],[nome],[brasao],[nota],[autor],[x],[y]) VALUES (101,13,'Cidade de Calisto',NULL,NULL,NULL,0,0);
INSERT INTO [localidade] ([id],[id_pai],[nome],[brasao],[nota],[autor],[x],[y]) VALUES (102,13,'Cidade de Dariati',NULL,NULL,NULL,0,0);
INSERT INTO [localidade] ([id],[id_pai],[nome],[brasao],[nota],[autor],[x],[y]) VALUES (103,13,'Cidade de Varteli',NULL,NULL,NULL,0,0);
INSERT INTO [localidade] ([id],[id_pai],[nome],[brasao],[nota],[autor],[x],[y]) VALUES (104,13,'Cidade de Porto Coral',NULL,NULL,NULL,0,0);
INSERT INTO [localidade] ([id],[id_pai],[nome],[brasao],[nota],[autor],[x],[y]) VALUES (105,14,'Cidade de Runa',NULL,NULL,NULL,0,0);
INSERT INTO [localidade] ([id],[id_pai],[nome],[brasao],[nota],[autor],[x],[y]) VALUES (106,14,'Cidade de Maginor',NULL,NULL,NULL,0,0);
INSERT INTO [localidade] ([id],[id_pai],[nome],[brasao],[nota],[autor],[x],[y]) VALUES (107,14,'Cidade de Estenorial',NULL,NULL,NULL,0,0);
INSERT INTO [localidade] ([id],[id_pai],[nome],[brasao],[nota],[autor],[x],[y]) VALUES (108,14,'Cidade de Tanus',NULL,NULL,NULL,0,0);
INSERT INTO [localidade] ([id],[id_pai],[nome],[brasao],[nota],[autor],[x],[y]) VALUES (109,16,'Cidade de Donatar',NULL,NULL,NULL,0,0);
INSERT INTO [localidade] ([id],[id_pai],[nome],[brasao],[nota],[autor],[x],[y]) VALUES (110,16,'Cidade de Grima',NULL,NULL,NULL,0,0);
INSERT INTO [localidade] ([id],[id_pai],[nome],[brasao],[nota],[autor],[x],[y]) VALUES (111,16,'Cidade de Serfa',NULL,NULL,NULL,0,0);
INSERT INTO [localidade] ([id],[id_pai],[nome],[brasao],[nota],[autor],[x],[y]) VALUES (112,16,'Forte Galatel',NULL,NULL,NULL,0,0);
INSERT INTO [localidade] ([id],[id_pai],[nome],[brasao],[nota],[autor],[x],[y]) VALUES (113,16,'Vila Timor',NULL,NULL,NULL,0,0);
INSERT INTO [localidade] ([id],[id_pai],[nome],[brasao],[nota],[autor],[x],[y]) VALUES (114,16,'Cidade de Balinor',NULL,NULL,NULL,0,0);
INSERT INTO [localidade] ([id],[id_pai],[nome],[brasao],[nota],[autor],[x],[y]) VALUES (115,16,'Cidade de Agrimir',NULL,NULL,NULL,0,0);
INSERT INTO [localidade] ([id],[id_pai],[nome],[brasao],[nota],[autor],[x],[y]) VALUES (116,17,'Cidade de Fleuter',NULL,NULL,NULL,0,0);
INSERT INTO [localidade] ([id],[id_pai],[nome],[brasao],[nota],[autor],[x],[y]) VALUES (117,17,'Cidade de Deiamom',NULL,NULL,NULL,0,0);
INSERT INTO [localidade] ([id],[id_pai],[nome],[brasao],[nota],[autor],[x],[y]) VALUES (118,17,'Cidade de Tronum',NULL,NULL,NULL,0,0);
INSERT INTO [localidade] ([id],[id_pai],[nome],[brasao],[nota],[autor],[x],[y]) VALUES (119,17,'Cidade de Ferco',NULL,NULL,NULL,0,0);
INSERT INTO [localidade] ([id],[id_pai],[nome],[brasao],[nota],[autor],[x],[y]) VALUES (120,17,'Vila nômade de Anguinadar',NULL,NULL,NULL,0,0);
INSERT INTO [localidade] ([id],[id_pai],[nome],[brasao],[nota],[autor],[x],[y]) VALUES (121,-1,'Floresta Finlaril',NULL,NULL,NULL,211,816);
INSERT INTO [localidade] ([id],[id_pai],[nome],[brasao],[nota],[autor],[x],[y]) VALUES (122,-1,'Floresta Fiorna',NULL,NULL,NULL,593,666);
INSERT INTO [localidade] ([id],[id_pai],[nome],[brasao],[nota],[autor],[x],[y]) VALUES (123,-1,'Floresta Melgundi',NULL,NULL,NULL,281,365);
INSERT INTO [localidade] ([id],[id_pai],[nome],[brasao],[nota],[autor],[x],[y]) VALUES (124,-1,'Floresta de Siltam',NULL,NULL,NULL,0,1116);
INSERT INTO [localidade] ([id],[id_pai],[nome],[brasao],[nota],[autor],[x],[y]) VALUES (125,-1,'Floresta Âmien',NULL,NULL,NULL,224,891);
INSERT INTO [localidade] ([id],[id_pai],[nome],[brasao],[nota],[autor],[x],[y]) VALUES (126,-1,'Floresta Gironde',NULL,NULL,NULL,458,516);
INSERT INTO [localidade] ([id],[id_pai],[nome],[brasao],[nota],[autor],[x],[y]) VALUES (127,-1,'Montes Moncurianos',NULL,NULL,NULL,0,649);
INSERT INTO [localidade] ([id],[id_pai],[nome],[brasao],[nota],[autor],[x],[y]) VALUES (128,-1,'Dartel',NULL,NULL,NULL,98,666);
INSERT INTO [localidade] ([id],[id_pai],[nome],[brasao],[nota],[autor],[x],[y]) VALUES (129,-1,'Condado Élfico de Lirati',NULL,NULL,NULL,233,372);
INSERT INTO [localidade] ([id],[id_pai],[nome],[brasao],[nota],[autor],[x],[y]) VALUES (130,-1,'Lar, o Reino Élfico',NULL,NULL,NULL,0,1355);
INSERT INTO [localidade] ([id],[id_pai],[nome],[brasao],[nota],[autor],[x],[y]) VALUES (131,-1,'A Geleira',NULL,NULL,NULL,238,1505);
INSERT INTO [localidade] ([id],[id_pai],[nome],[brasao],[nota],[autor],[x],[y]) VALUES (132,-1,'A Forja',NULL,NULL,NULL,105,1692);
INSERT INTO [localidade] ([id],[id_pai],[nome],[brasao],[nota],[autor],[x],[y]) VALUES (133,-1,'Cidade de Telas',NULL,NULL,NULL,283,1830);

INSERT INTO [linha_tempo] ([id],[id_localidade],[ano],[evento]) VALUES (1,NULL,1365,'Fundação de Acordo.');
INSERT INTO [linha_tempo] ([id],[id_localidade],[ano],[evento]) VALUES (2,NULL,1389,'3a tentativa de invasão de Âmiem.');
INSERT INTO [linha_tempo] ([id],[id_localidade],[ano],[evento]) VALUES (3,NULL,1390,'Trégua entre os Senhores Infernais. Morte de Alvór XI da Moldânia. Os demonistas conseguem invadir Âmiem.');
INSERT INTO [linha_tempo] ([id],[id_localidade],[ano],[evento]) VALUES (4,NULL,1391,'Fuga de Malim e corajosos aventureiros para Acordo. Plana é subjugada ao poder demonista.');
INSERT INTO [linha_tempo] ([id],[id_localidade],[ano],[evento]) VALUES (5,NULL,1392,'A aparição do Grande Sábio.');
INSERT INTO [linha_tempo] ([id],[id_localidade],[ano],[evento]) VALUES (6,NULL,1393,'Inicio da Jornada pela Unificação.');
INSERT INTO [linha_tempo] ([id],[id_localidade],[ano],[evento]) VALUES (7,NULL,1402,'Morrigalti é vencido em Âmiem, ele é o 1o Príncipe do Inferno derrotado.');
INSERT INTO [linha_tempo] ([id],[id_localidade],[ano],[evento]) VALUES (8,NULL,1403,'Batalha dos Mil Mártires (em Azanti) resgate da pedra negra.');
INSERT INTO [linha_tempo] ([id],[id_localidade],[ano],[evento]) VALUES (9,NULL,1405,'Unificação. A Batalha Final acontece e se dá a Revoada dos Demônios (expulsão).');
INSERT INTO [linha_tempo] ([id],[id_localidade],[ano],[evento]) VALUES (10,NULL,1406,'O Norte se liberta da dominação Bankdi, Filanti assume o controle de Azanti.');
INSERT INTO [linha_tempo] ([id],[id_localidade],[ano],[evento]) VALUES (11,NULL,1407,'O Sul se Liberta da Dominação bankdi.');
INSERT INTO [linha_tempo] ([id],[id_localidade],[ano],[evento]) VALUES (12,NULL,1420,'Invasão dos Dragões em Abadom.');
INSERT INTO [linha_tempo] ([id],[id_localidade],[ano],[evento]) VALUES (13,NULL,1449,'Morte do Mais Sábio.');
INSERT INTO [linha_tempo] ([id],[id_localidade],[ano],[evento]) VALUES (14,NULL,1450,'Fim da Unificação.');
INSERT INTO [linha_tempo] ([id],[id_localidade],[ano],[evento]) VALUES (15,NULL,1451,'Grande parte das nações, começando por Verrogar, declararam sua independência de Saravossa.');
INSERT INTO [linha_tempo] ([id],[id_localidade],[ano],[evento]) VALUES (16,NULL,1452,'A Moldania se separa em duas nações, Calco e Conti.');
INSERT INTO [linha_tempo] ([id],[id_localidade],[ano],[evento]) VALUES (17,NULL,1468,'Fundação da Magocracia de Portis.');
INSERT INTO [linha_tempo] ([id],[id_localidade],[ano],[evento]) VALUES (18,NULL,1495,'Inicio da guerra entre Verrogar e Dantsem, quando Verrogar conquista um acesso ao mar.');

INSERT INTO [habilidade_habilidade_grupo] ([id_habilidade],[id_habilidade_grupo],[custo]) VALUES (1,4,1);
INSERT INTO [habilidade_habilidade_grupo] ([id_habilidade],[id_habilidade_grupo],[custo]) VALUES (2,4,2);
INSERT INTO [habilidade_habilidade_grupo] ([id_habilidade],[id_habilidade_grupo],[custo]) VALUES (3,4,2);
INSERT INTO [habilidade_habilidade_grupo] ([id_habilidade],[id_habilidade_grupo],[custo]) VALUES (4,4,1);
INSERT INTO [habilidade_habilidade_grupo] ([id_habilidade],[id_habilidade_grupo],[custo]) VALUES (5,4,2);
INSERT INTO [habilidade_habilidade_grupo] ([id_habilidade],[id_habilidade_grupo],[custo]) VALUES (6,4,1);
INSERT INTO [habilidade_habilidade_grupo] ([id_habilidade],[id_habilidade_grupo],[custo]) VALUES (7,6,2);
INSERT INTO [habilidade_habilidade_grupo] ([id_habilidade],[id_habilidade_grupo],[custo]) VALUES (8,6,1);
INSERT INTO [habilidade_habilidade_grupo] ([id_habilidade],[id_habilidade_grupo],[custo]) VALUES (9,6,2);
INSERT INTO [habilidade_habilidade_grupo] ([id_habilidade],[id_habilidade_grupo],[custo]) VALUES (10,6,2);
INSERT INTO [habilidade_habilidade_grupo] ([id_habilidade],[id_habilidade_grupo],[custo]) VALUES (11,6,1);
INSERT INTO [habilidade_habilidade_grupo] ([id_habilidade],[id_habilidade_grupo],[custo]) VALUES (12,6,1);
INSERT INTO [habilidade_habilidade_grupo] ([id_habilidade],[id_habilidade_grupo],[custo]) VALUES (13,8,2);
INSERT INTO [habilidade_habilidade_grupo] ([id_habilidade],[id_habilidade_grupo],[custo]) VALUES (14,8,2);
INSERT INTO [habilidade_habilidade_grupo] ([id_habilidade],[id_habilidade_grupo],[custo]) VALUES (15,8,2);
INSERT INTO [habilidade_habilidade_grupo] ([id_habilidade],[id_habilidade_grupo],[custo]) VALUES (16,8,2);
INSERT INTO [habilidade_habilidade_grupo] ([id_habilidade],[id_habilidade_grupo],[custo]) VALUES (17,8,2);
INSERT INTO [habilidade_habilidade_grupo] ([id_habilidade],[id_habilidade_grupo],[custo]) VALUES (18,8,2);
INSERT INTO [habilidade_habilidade_grupo] ([id_habilidade],[id_habilidade_grupo],[custo]) VALUES (19,5,2);
INSERT INTO [habilidade_habilidade_grupo] ([id_habilidade],[id_habilidade_grupo],[custo]) VALUES (20,5,1);
INSERT INTO [habilidade_habilidade_grupo] ([id_habilidade],[id_habilidade_grupo],[custo]) VALUES (21,5,2);
INSERT INTO [habilidade_habilidade_grupo] ([id_habilidade],[id_habilidade_grupo],[custo]) VALUES (22,5,1);
INSERT INTO [habilidade_habilidade_grupo] ([id_habilidade],[id_habilidade_grupo],[custo]) VALUES (23,5,2);
INSERT INTO [habilidade_habilidade_grupo] ([id_habilidade],[id_habilidade_grupo],[custo]) VALUES (24,5,1);
INSERT INTO [habilidade_habilidade_grupo] ([id_habilidade],[id_habilidade_grupo],[custo]) VALUES (25,5,1);
INSERT INTO [habilidade_habilidade_grupo] ([id_habilidade],[id_habilidade_grupo],[custo]) VALUES (26,7,1);
INSERT INTO [habilidade_habilidade_grupo] ([id_habilidade],[id_habilidade_grupo],[custo]) VALUES (27,7,1);
INSERT INTO [habilidade_habilidade_grupo] ([id_habilidade],[id_habilidade_grupo],[custo]) VALUES (28,7,1);
INSERT INTO [habilidade_habilidade_grupo] ([id_habilidade],[id_habilidade_grupo],[custo]) VALUES (29,7,1);
INSERT INTO [habilidade_habilidade_grupo] ([id_habilidade],[id_habilidade_grupo],[custo]) VALUES (30,7,2);
INSERT INTO [habilidade_habilidade_grupo] ([id_habilidade],[id_habilidade_grupo],[custo]) VALUES (31,7,2);
INSERT INTO [habilidade_habilidade_grupo] ([id_habilidade],[id_habilidade_grupo],[custo]) VALUES (32,7,2);
INSERT INTO [habilidade_habilidade_grupo] ([id_habilidade],[id_habilidade_grupo],[custo]) VALUES (33,9,2);
INSERT INTO [habilidade_habilidade_grupo] ([id_habilidade],[id_habilidade_grupo],[custo]) VALUES (34,9,1);
INSERT INTO [habilidade_habilidade_grupo] ([id_habilidade],[id_habilidade_grupo],[custo]) VALUES (35,9,2);
INSERT INTO [habilidade_habilidade_grupo] ([id_habilidade],[id_habilidade_grupo],[custo]) VALUES (36,9,1);
INSERT INTO [habilidade_habilidade_grupo] ([id_habilidade],[id_habilidade_grupo],[custo]) VALUES (37,9,2);
INSERT INTO [habilidade_habilidade_grupo] ([id_habilidade],[id_habilidade_grupo],[custo]) VALUES (38,9,1);
INSERT INTO [habilidade_habilidade_grupo] ([id_habilidade],[id_habilidade_grupo],[custo]) VALUES (39,9,1);
INSERT INTO [habilidade_habilidade_grupo] ([id_habilidade],[id_habilidade_grupo],[custo]) VALUES (50,2,1);
INSERT INTO [habilidade_habilidade_grupo] ([id_habilidade],[id_habilidade_grupo],[custo]) VALUES (51,2,1);
INSERT INTO [habilidade_habilidade_grupo] ([id_habilidade],[id_habilidade_grupo],[custo]) VALUES (52,2,1);
INSERT INTO [habilidade_habilidade_grupo] ([id_habilidade],[id_habilidade_grupo],[custo]) VALUES (53,2,2);
INSERT INTO [habilidade_habilidade_grupo] ([id_habilidade],[id_habilidade_grupo],[custo]) VALUES (54,2,2);
INSERT INTO [habilidade_habilidade_grupo] ([id_habilidade],[id_habilidade_grupo],[custo]) VALUES (55,2,2);
INSERT INTO [habilidade_habilidade_grupo] ([id_habilidade],[id_habilidade_grupo],[custo]) VALUES (56,2,2);
INSERT INTO [habilidade_habilidade_grupo] ([id_habilidade],[id_habilidade_grupo],[custo]) VALUES (57,2,2);
INSERT INTO [habilidade_habilidade_grupo] ([id_habilidade],[id_habilidade_grupo],[custo]) VALUES (58,2,3);
INSERT INTO [habilidade_habilidade_grupo] ([id_habilidade],[id_habilidade_grupo],[custo]) VALUES (59,2,3);
INSERT INTO [habilidade_habilidade_grupo] ([id_habilidade],[id_habilidade_grupo],[custo]) VALUES (60,2,3);
INSERT INTO [habilidade_habilidade_grupo] ([id_habilidade],[id_habilidade_grupo],[custo]) VALUES (61,2,3);
INSERT INTO [habilidade_habilidade_grupo] ([id_habilidade],[id_habilidade_grupo],[custo]) VALUES (80,3,2);
INSERT INTO [habilidade_habilidade_grupo] ([id_habilidade],[id_habilidade_grupo],[custo]) VALUES (80,13,1);
INSERT INTO [habilidade_habilidade_grupo] ([id_habilidade],[id_habilidade_grupo],[custo]) VALUES (81,3,2);
INSERT INTO [habilidade_habilidade_grupo] ([id_habilidade],[id_habilidade_grupo],[custo]) VALUES (82,3,1);
INSERT INTO [habilidade_habilidade_grupo] ([id_habilidade],[id_habilidade_grupo],[custo]) VALUES (83,3,1);
INSERT INTO [habilidade_habilidade_grupo] ([id_habilidade],[id_habilidade_grupo],[custo]) VALUES (84,3,2);
INSERT INTO [habilidade_habilidade_grupo] ([id_habilidade],[id_habilidade_grupo],[custo]) VALUES (84,11,1);
INSERT INTO [habilidade_habilidade_grupo] ([id_habilidade],[id_habilidade_grupo],[custo]) VALUES (85,3,1);
INSERT INTO [habilidade_habilidade_grupo] ([id_habilidade],[id_habilidade_grupo],[custo]) VALUES (86,3,2);
INSERT INTO [habilidade_habilidade_grupo] ([id_habilidade],[id_habilidade_grupo],[custo]) VALUES (86,12,1);
INSERT INTO [habilidade_habilidade_grupo] ([id_habilidade],[id_habilidade_grupo],[custo]) VALUES (87,3,1);
INSERT INTO [habilidade_habilidade_grupo] ([id_habilidade],[id_habilidade_grupo],[custo]) VALUES (88,3,1);
INSERT INTO [habilidade_habilidade_grupo] ([id_habilidade],[id_habilidade_grupo],[custo]) VALUES (89,3,2);
INSERT INTO [habilidade_habilidade_grupo] ([id_habilidade],[id_habilidade_grupo],[custo]) VALUES (90,3,1);
INSERT INTO [habilidade_habilidade_grupo] ([id_habilidade],[id_habilidade_grupo],[custo]) VALUES (91,10,1);
INSERT INTO [habilidade_habilidade_grupo] ([id_habilidade],[id_habilidade_grupo],[custo]) VALUES (92,10,2);
INSERT INTO [habilidade_habilidade_grupo] ([id_habilidade],[id_habilidade_grupo],[custo]) VALUES (93,10,2);
INSERT INTO [habilidade_habilidade_grupo] ([id_habilidade],[id_habilidade_grupo],[custo]) VALUES (94,10,1);
INSERT INTO [habilidade_habilidade_grupo] ([id_habilidade],[id_habilidade_grupo],[custo]) VALUES (95,10,1);
INSERT INTO [habilidade_habilidade_grupo] ([id_habilidade],[id_habilidade_grupo],[custo]) VALUES (95,12,1);
INSERT INTO [habilidade_habilidade_grupo] ([id_habilidade],[id_habilidade_grupo],[custo]) VALUES (96,11,1);
INSERT INTO [habilidade_habilidade_grupo] ([id_habilidade],[id_habilidade_grupo],[custo]) VALUES (97,11,1);
INSERT INTO [habilidade_habilidade_grupo] ([id_habilidade],[id_habilidade_grupo],[custo]) VALUES (98,11,2);
INSERT INTO [habilidade_habilidade_grupo] ([id_habilidade],[id_habilidade_grupo],[custo]) VALUES (99,11,2);
INSERT INTO [habilidade_habilidade_grupo] ([id_habilidade],[id_habilidade_grupo],[custo]) VALUES (100,12,1);
INSERT INTO [habilidade_habilidade_grupo] ([id_habilidade],[id_habilidade_grupo],[custo]) VALUES (101,12,2);
INSERT INTO [habilidade_habilidade_grupo] ([id_habilidade],[id_habilidade_grupo],[custo]) VALUES (102,12,2);
INSERT INTO [habilidade_habilidade_grupo] ([id_habilidade],[id_habilidade_grupo],[custo]) VALUES (103,13,2);
INSERT INTO [habilidade_habilidade_grupo] ([id_habilidade],[id_habilidade_grupo],[custo]) VALUES (104,13,1);
INSERT INTO [habilidade_habilidade_grupo] ([id_habilidade],[id_habilidade_grupo],[custo]) VALUES (105,13,2);
INSERT INTO [habilidade_habilidade_grupo] ([id_habilidade],[id_habilidade_grupo],[custo]) VALUES (106,13,1);

INSERT INTO [habilidade_grupo] ([id],[id_pai],[nome]) VALUES (1,-1,'Habilidades Comuns');
INSERT INTO [habilidade_grupo] ([id],[id_pai],[nome]) VALUES (2,-1,'Habilidades com Armas');
INSERT INTO [habilidade_grupo] ([id],[id_pai],[nome]) VALUES (3,-1,'Técnicas de Combate');

INSERT INTO [habilidade_grupo] ([id],[id_pai],[nome]) VALUES (4,1,'Profissional');
INSERT INTO [habilidade_grupo] ([id],[id_pai],[nome]) VALUES (5,1,'Subterfúgio');
INSERT INTO [habilidade_grupo] ([id],[id_pai],[nome]) VALUES (6,1,'Manobra');
INSERT INTO [habilidade_grupo] ([id],[id_pai],[nome]) VALUES (7,1,'Influência');
INSERT INTO [habilidade_grupo] ([id],[id_pai],[nome]) VALUES (8,1,'Conhecimento');
INSERT INTO [habilidade_grupo] ([id],[id_pai],[nome]) VALUES (9,1,'Geral');

INSERT INTO [habilidade_grupo] ([id],[id_pai],[nome]) VALUES (10,3,'Academia de Infantaria');
INSERT INTO [habilidade_grupo] ([id],[id_pai],[nome]) VALUES (11,3,'Academia dos Arqueiros');
INSERT INTO [habilidade_grupo] ([id],[id_pai],[nome]) VALUES (12,3,'Academia dos Cavaleiros');
INSERT INTO [habilidade_grupo] ([id],[id_pai],[nome]) VALUES (13,3,'Academia dos Gladiadores');

INSERT INTO [habilidade_especializacao] ([id],[id_habilidade],[sugestao]) VALUES (1,26,'Canto');
INSERT INTO [habilidade_especializacao] ([id],[id_habilidade],[sugestao]) VALUES (2,26,'Dança');
INSERT INTO [habilidade_especializacao] ([id],[id_habilidade],[sugestao]) VALUES (3,26,'Música');
INSERT INTO [habilidade_especializacao] ([id],[id_habilidade],[sugestao]) VALUES (4,26,'Poesia');
INSERT INTO [habilidade_especializacao] ([id],[id_habilidade],[sugestao]) VALUES (5,26,'Desenho/Pintura');
INSERT INTO [habilidade_especializacao] ([id],[id_habilidade],[sugestao]) VALUES (6,26,'Escultura');
INSERT INTO [habilidade_especializacao] ([id],[id_habilidade],[sugestao]) VALUES (7,13,'Malês meridional');
INSERT INTO [habilidade_especializacao] ([id],[id_habilidade],[sugestao]) VALUES (8,13,'Malês central');
INSERT INTO [habilidade_especializacao] ([id],[id_habilidade],[sugestao]) VALUES (9,13,'Malês setentrional');
INSERT INTO [habilidade_especializacao] ([id],[id_habilidade],[sugestao]) VALUES (10,13,'Élfico');
INSERT INTO [habilidade_especializacao] ([id],[id_habilidade],[sugestao]) VALUES (11,13,'Lantranês');
INSERT INTO [habilidade_especializacao] ([id],[id_habilidade],[sugestao]) VALUES (12,13,'Órquico');
INSERT INTO [habilidade_especializacao] ([id],[id_habilidade],[sugestao]) VALUES (13,15,'Malês meridional');
INSERT INTO [habilidade_especializacao] ([id],[id_habilidade],[sugestao]) VALUES (14,15,'Malês central');
INSERT INTO [habilidade_especializacao] ([id],[id_habilidade],[sugestao]) VALUES (15,15,'Malês setentrional');
INSERT INTO [habilidade_especializacao] ([id],[id_habilidade],[sugestao]) VALUES (16,15,'Élfico');

--habilidades
INSERT INTO [habilidade] ([id],[nome],[descricao],[bonus],[possui_especializacao]) VALUES (0,'teste','teste',3,1);
INSERT INTO [habilidade] ([id],[nome],[descricao],[bonus],[possui_especializacao]) VALUES (1,'Carpintaria',NULL,5,0);
INSERT INTO [habilidade] ([id],[nome],[descricao],[bonus],[possui_especializacao]) VALUES (2,'Engenharia',NULL,0,0);
INSERT INTO [habilidade] ([id],[nome],[descricao],[bonus],[possui_especializacao]) VALUES (3,'Medicina',NULL,0,0);
INSERT INTO [habilidade] ([id],[nome],[descricao],[bonus],[possui_especializacao]) VALUES (4,'Náutica',NULL,6,0);
INSERT INTO [habilidade] ([id],[nome],[descricao],[bonus],[possui_especializacao]) VALUES (5,'Trabalho em Metal',NULL,6,0);
INSERT INTO [habilidade] ([id],[nome],[descricao],[bonus],[possui_especializacao]) VALUES (6,'Trabalhos Manuais',NULL,5,0);
INSERT INTO [habilidade] ([id],[nome],[descricao],[bonus],[possui_especializacao]) VALUES (7,'Acrobacias','A acrobacia permite ao personagem tentar movimentos acrobáticos, tais como: saltos mortais, equilibrismo,cambalhotas, e outros.',5,0);
INSERT INTO [habilidade] ([id],[nome],[descricao],[bonus],[possui_especializacao]) VALUES (8,'Corrida','Basicamente consiste na capacidade de correr mais rapidamente devido a intensivo treinamento. Uma habilidade muito desenvolvida por animais corredores como cavalos, mas também extremamente eficaz quando usada por humanóides.',5,0);
INSERT INTO [habilidade] ([id],[nome],[descricao],[bonus],[possui_especializacao]) VALUES (9,'Escalar Superfícies',NULL,5,0);
INSERT INTO [habilidade] ([id],[nome],[descricao],[bonus],[possui_especializacao]) VALUES (10,'Malabarismo',NULL,5,0);
INSERT INTO [habilidade] ([id],[nome],[descricao],[bonus],[possui_especializacao]) VALUES (11,'Montar Animais',NULL,5,0);
INSERT INTO [habilidade] ([id],[nome],[descricao],[bonus],[possui_especializacao]) VALUES (12,'Natação',NULL,4,0);
INSERT INTO [habilidade] ([id],[nome],[descricao],[bonus],[possui_especializacao]) VALUES (13,'Escrita',NULL,0,1);
INSERT INTO [habilidade] ([id],[nome],[descricao],[bonus],[possui_especializacao]) VALUES (14,'Herbalismo',NULL,0,0);
INSERT INTO [habilidade] ([id],[nome],[descricao],[bonus],[possui_especializacao]) VALUES (15,'Língua',NULL,0,1);
INSERT INTO [habilidade] ([id],[nome],[descricao],[bonus],[possui_especializacao]) VALUES (16,'Misticismo',NULL,0,0);
INSERT INTO [habilidade] ([id],[nome],[descricao],[bonus],[possui_especializacao]) VALUES (17,'Religião',NULL,0,0);
INSERT INTO [habilidade] ([id],[nome],[descricao],[bonus],[possui_especializacao]) VALUES (18,'Venefício','Quem possuir esta habilidade terá um conhecimento sobre venenos, incluindo o seu preparo e utilização.',0,0);
INSERT INTO [habilidade] ([id],[nome],[descricao],[bonus],[possui_especializacao]) VALUES (19,'Ações Furtivas',NULL,5,0);
INSERT INTO [habilidade] ([id],[nome],[descricao],[bonus],[possui_especializacao]) VALUES (20,'Destrancar Fechaduras',NULL,5,0);
INSERT INTO [habilidade] ([id],[nome],[descricao],[bonus],[possui_especializacao]) VALUES (21,'Disfarces',NULL,6,0);
INSERT INTO [habilidade] ([id],[nome],[descricao],[bonus],[possui_especializacao]) VALUES (22,'Escapar',NULL,5,0);
INSERT INTO [habilidade] ([id],[nome],[descricao],[bonus],[possui_especializacao]) VALUES (23,'Falsificação',NULL,6,0);
INSERT INTO [habilidade] ([id],[nome],[descricao],[bonus],[possui_especializacao]) VALUES (24,'Furtar Objetos',NULL,5,0);
INSERT INTO [habilidade] ([id],[nome],[descricao],[bonus],[possui_especializacao]) VALUES (25,'Jogatina',NULL,6,0);
INSERT INTO [habilidade] ([id],[nome],[descricao],[bonus],[possui_especializacao]) VALUES (26,'Arte',NULL,2,1);
INSERT INTO [habilidade] ([id],[nome],[descricao],[bonus],[possui_especializacao]) VALUES (27,'Barganha',NULL,2,0);
INSERT INTO [habilidade] ([id],[nome],[descricao],[bonus],[possui_especializacao]) VALUES (28,'Comércio',NULL,6,0);
INSERT INTO [habilidade] ([id],[nome],[descricao],[bonus],[possui_especializacao]) VALUES (29,'Etiqueta',NULL,2,0);
INSERT INTO [habilidade] ([id],[nome],[descricao],[bonus],[possui_especializacao]) VALUES (30,'Liderança',NULL,2,0);
INSERT INTO [habilidade] ([id],[nome],[descricao],[bonus],[possui_especializacao]) VALUES (31,'Persuasão',NULL,2,0);
INSERT INTO [habilidade] ([id],[nome],[descricao],[bonus],[possui_especializacao]) VALUES (32,'Sedução',NULL,2,0);
INSERT INTO [habilidade] ([id],[nome],[descricao],[bonus],[possui_especializacao]) VALUES (33,'Escutar',NULL,6,0);
INSERT INTO [habilidade] ([id],[nome],[descricao],[bonus],[possui_especializacao]) VALUES (34,'Lidar com Animais',NULL,6,0);
INSERT INTO [habilidade] ([id],[nome],[descricao],[bonus],[possui_especializacao]) VALUES (35,'Manusear Armadilhas',NULL,6,0);
INSERT INTO [habilidade] ([id],[nome],[descricao],[bonus],[possui_especializacao]) VALUES (36,'Navegação',NULL,6,0);
INSERT INTO [habilidade] ([id],[nome],[descricao],[bonus],[possui_especializacao]) VALUES (37,'Observar',NULL,6,0);
INSERT INTO [habilidade] ([id],[nome],[descricao],[bonus],[possui_especializacao]) VALUES (38,'Seguir Trilhas',NULL,6,0);
INSERT INTO [habilidade] ([id],[nome],[descricao],[bonus],[possui_especializacao]) VALUES (39,'Sobrevivência',NULL,6,0);
--armas
INSERT INTO [habilidade] ([id],[nome],[descricao],[bonus],[possui_especializacao]) VALUES (50,'Combate desarmado (Cd)',NULL,5,0);
INSERT INTO [habilidade] ([id],[nome],[descricao],[bonus],[possui_especializacao]) VALUES (51,'Corte leve (Cl)',NULL,5,0);
INSERT INTO [habilidade] ([id],[nome],[descricao],[bonus],[possui_especializacao]) VALUES (52,'Esmagamento leve (El)',NULL,5,0);
INSERT INTO [habilidade] ([id],[nome],[descricao],[bonus],[possui_especializacao]) VALUES (53,'Corte médio com Espada (CmE)',NULL,5,0);
INSERT INTO [habilidade] ([id],[nome],[descricao],[bonus],[possui_especializacao]) VALUES (54,'Corte médio com Machado (CmM)',NULL,5,0);
INSERT INTO [habilidade] ([id],[nome],[descricao],[bonus],[possui_especializacao]) VALUES (55,'Esmagamento médio (Em)',NULL,5,0);
INSERT INTO [habilidade] ([id],[nome],[descricao],[bonus],[possui_especializacao]) VALUES (56,'Perfuração média com Arco (PmA)',NULL,5,0);
INSERT INTO [habilidade] ([id],[nome],[descricao],[bonus],[possui_especializacao]) VALUES (57,'Perfuração média com Lança (PmL)',NULL,5,0);
INSERT INTO [habilidade] ([id],[nome],[descricao],[bonus],[possui_especializacao]) VALUES (58,'Corte pesado com Espada (CpE)',NULL,5,0);
INSERT INTO [habilidade] ([id],[nome],[descricao],[bonus],[possui_especializacao]) VALUES (59,'Corte pesado com Machado (CpM)',NULL,5,0);
INSERT INTO [habilidade] ([id],[nome],[descricao],[bonus],[possui_especializacao]) VALUES (60,'Esmagamento pesado (Ep)',NULL,5,0);
INSERT INTO [habilidade] ([id],[nome],[descricao],[bonus],[possui_especializacao]) VALUES (61,'Perfuração pesada (Pp)',NULL,5,0);
--combate
INSERT INTO [habilidade] ([id],[nome],[descricao],[bonus],[possui_especializacao]) VALUES (80,'Ambidestria',NULL,-1,0);
INSERT INTO [habilidade] ([id],[nome],[descricao],[bonus],[possui_especializacao]) VALUES (81,'Aparar',NULL,-1,0);
INSERT INTO [habilidade] ([id],[nome],[descricao],[bonus],[possui_especializacao]) VALUES (82,'Ataque Oportuno',NULL,6,0);
INSERT INTO [habilidade] ([id],[nome],[descricao],[bonus],[possui_especializacao]) VALUES (83,'Ataque de Surpresa',NULL,6,0);
INSERT INTO [habilidade] ([id],[nome],[descricao],[bonus],[possui_especializacao]) VALUES (84,'Atirar em Movimento',NULL,5,0);
INSERT INTO [habilidade] ([id],[nome],[descricao],[bonus],[possui_especializacao]) VALUES (85,'Carga',NULL,-1,0);
INSERT INTO [habilidade] ([id],[nome],[descricao],[bonus],[possui_especializacao]) VALUES (86,'Combate Montado',NULL,-1,0);
INSERT INTO [habilidade] ([id],[nome],[descricao],[bonus],[possui_especializacao]) VALUES (87,'Esquiva',NULL,5,0);
INSERT INTO [habilidade] ([id],[nome],[descricao],[bonus],[possui_especializacao]) VALUES (88,'Luta às Cegas',NULL,-1,0);
INSERT INTO [habilidade] ([id],[nome],[descricao],[bonus],[possui_especializacao]) VALUES (89,'Resistência à Dor',NULL,4,0);
INSERT INTO [habilidade] ([id],[nome],[descricao],[bonus],[possui_especializacao]) VALUES (90,'Combate não Letal',NULL,6,0);
INSERT INTO [habilidade] ([id],[nome],[descricao],[bonus],[possui_especializacao]) VALUES (91,'Força Interior',NULL,-1,0);
INSERT INTO [habilidade] ([id],[nome],[descricao],[bonus],[possui_especializacao]) VALUES (92,'Golpe Giratório',NULL,5,0);
INSERT INTO [habilidade] ([id],[nome],[descricao],[bonus],[possui_especializacao]) VALUES (93,'Golpe Letal',NULL,-1,0);
INSERT INTO [habilidade] ([id],[nome],[descricao],[bonus],[possui_especializacao]) VALUES (94,'Resistência à Dor',NULL,4,0);
INSERT INTO [habilidade] ([id],[nome],[descricao],[bonus],[possui_especializacao]) VALUES (95,'Voz de Comando',NULL,6,0);
INSERT INTO [habilidade] ([id],[nome],[descricao],[bonus],[possui_especializacao]) VALUES (96,'Combate com Arco',NULL,5,0);
INSERT INTO [habilidade] ([id],[nome],[descricao],[bonus],[possui_especializacao]) VALUES (97,'Direcionamento',NULL,6,0);
INSERT INTO [habilidade] ([id],[nome],[descricao],[bonus],[possui_especializacao]) VALUES (98,'Flechada Dupla',NULL,-1,0);
INSERT INTO [habilidade] ([id],[nome],[descricao],[bonus],[possui_especializacao]) VALUES (99,'Mira',NULL,-1,0);
INSERT INTO [habilidade] ([id],[nome],[descricao],[bonus],[possui_especializacao]) VALUES (100,'Carga de Arremesso',NULL,-1,0);
INSERT INTO [habilidade] ([id],[nome],[descricao],[bonus],[possui_especializacao]) VALUES (101,'Carga Montada',NULL,-1,0);
INSERT INTO [habilidade] ([id],[nome],[descricao],[bonus],[possui_especializacao]) VALUES (102,'Combate com Escudo',NULL,5,0);
INSERT INTO [habilidade] ([id],[nome],[descricao],[bonus],[possui_especializacao]) VALUES (103,'Contra-ataque',NULL,-1,0);
INSERT INTO [habilidade] ([id],[nome],[descricao],[bonus],[possui_especializacao]) VALUES (104,'Desequilibrar',NULL,-1,0);
INSERT INTO [habilidade] ([id],[nome],[descricao],[bonus],[possui_especializacao]) VALUES (105,'Fúria',NULL,-1,0);
INSERT INTO [habilidade] ([id],[nome],[descricao],[bonus],[possui_especializacao]) VALUES (106,'Intimidar',NULL,2,0);

INSERT INTO [especializacao] ([id],[nome],[descricao],[id_profissao],[id_magia_grupo],[id_tecnica_grupo]) VALUES (1,'Academia de Infantaria',NULL,1,-1,10);
INSERT INTO [especializacao] ([id],[nome],[descricao],[id_profissao],[id_magia_grupo],[id_tecnica_grupo]) VALUES (2,'Academia dos Arqueiros',NULL,1,-1,11);
INSERT INTO [especializacao] ([id],[nome],[descricao],[id_profissao],[id_magia_grupo],[id_tecnica_grupo]) VALUES (3,'Academia dos Cavaleiros',NULL,1,-1,12);
INSERT INTO [especializacao] ([id],[nome],[descricao],[id_profissao],[id_magia_grupo],[id_tecnica_grupo]) VALUES (4,'Academia dos Gladiadores',NULL,1,-1,13);
INSERT INTO [especializacao] ([id],[nome],[descricao],[id_profissao],[id_magia_grupo],[id_tecnica_grupo]) VALUES (5,'Guilda dos Ladrões',NULL,2,-1,-1);
INSERT INTO [especializacao] ([id],[nome],[descricao],[id_profissao],[id_magia_grupo],[id_tecnica_grupo]) VALUES (6,'Guilda dos Assassinos',NULL,2,-1,-1);
INSERT INTO [especializacao] ([id],[nome],[descricao],[id_profissao],[id_magia_grupo],[id_tecnica_grupo]) VALUES (7,'Guilda dos Piratas',NULL,2,-1,-1);
INSERT INTO [especializacao] ([id],[nome],[descricao],[id_profissao],[id_magia_grupo],[id_tecnica_grupo]) VALUES (8,'Ordem de Selimon',NULL,3,11,-1);
INSERT INTO [especializacao] ([id],[nome],[descricao],[id_profissao],[id_magia_grupo],[id_tecnica_grupo]) VALUES (9,'Ordem de Sevides',NULL,3,12,-1);
INSERT INTO [especializacao] ([id],[nome],[descricao],[id_profissao],[id_magia_grupo],[id_tecnica_grupo]) VALUES (10,'Ordem de Ganis',NULL,3,13,-1);
INSERT INTO [especializacao] ([id],[nome],[descricao],[id_profissao],[id_magia_grupo],[id_tecnica_grupo]) VALUES (11,'Ordem de Parom',NULL,3,14,-1);
INSERT INTO [especializacao] ([id],[nome],[descricao],[id_profissao],[id_magia_grupo],[id_tecnica_grupo]) VALUES (12,'Ordem de Crizagom',NULL,3,15,-1);
INSERT INTO [especializacao] ([id],[nome],[descricao],[id_profissao],[id_magia_grupo],[id_tecnica_grupo]) VALUES (13,'Ordem de Crezir',NULL,3,16,-1);
INSERT INTO [especializacao] ([id],[nome],[descricao],[id_profissao],[id_magia_grupo],[id_tecnica_grupo]) VALUES (14,'Ordem de Blator',NULL,3,17,-1);
INSERT INTO [especializacao] ([id],[nome],[descricao],[id_profissao],[id_magia_grupo],[id_tecnica_grupo]) VALUES (15,'Ordem de Cruine',NULL,3,18,-1);
INSERT INTO [especializacao] ([id],[nome],[descricao],[id_profissao],[id_magia_grupo],[id_tecnica_grupo]) VALUES (16,'Ordem de Cambu',NULL,3,19,-1);
INSERT INTO [especializacao] ([id],[nome],[descricao],[id_profissao],[id_magia_grupo],[id_tecnica_grupo]) VALUES (17,'Ordem de Palier',NULL,3,20,-1);
INSERT INTO [especializacao] ([id],[nome],[descricao],[id_profissao],[id_magia_grupo],[id_tecnica_grupo]) VALUES (18,'Ordem de Plandis',NULL,3,21,-1);
INSERT INTO [especializacao] ([id],[nome],[descricao],[id_profissao],[id_magia_grupo],[id_tecnica_grupo]) VALUES (19,'Ordem de Lena',NULL,3,22,-1);
INSERT INTO [especializacao] ([id],[nome],[descricao],[id_profissao],[id_magia_grupo],[id_tecnica_grupo]) VALUES (20,'Ordem de Maira',NULL,3,23,-1);
INSERT INTO [especializacao] ([id],[nome],[descricao],[id_profissao],[id_magia_grupo],[id_tecnica_grupo]) VALUES (21,'Colégio Elemental',NULL,4,24,-1);
INSERT INTO [especializacao] ([id],[nome],[descricao],[id_profissao],[id_magia_grupo],[id_tecnica_grupo]) VALUES (22,'Colégio Necromântico',NULL,4,25,-1);
INSERT INTO [especializacao] ([id],[nome],[descricao],[id_profissao],[id_magia_grupo],[id_tecnica_grupo]) VALUES (23,'Colégio Ilusão',NULL,4,26,-1);
INSERT INTO [especializacao] ([id],[nome],[descricao],[id_profissao],[id_magia_grupo],[id_tecnica_grupo]) VALUES (24,'Colégio Naturalista',NULL,4,27,-1);
INSERT INTO [especializacao] ([id],[nome],[descricao],[id_profissao],[id_magia_grupo],[id_tecnica_grupo]) VALUES (25,'Colégio Alquímico',NULL,4,28,-1);
INSERT INTO [especializacao] ([id],[nome],[descricao],[id_profissao],[id_magia_grupo],[id_tecnica_grupo]) VALUES (26,'Colégio Conhecimento',NULL,4,29,-1);
INSERT INTO [especializacao] ([id],[nome],[descricao],[id_profissao],[id_magia_grupo],[id_tecnica_grupo]) VALUES (27,'Trilha dos Caçadores',NULL,5,5,-1);
INSERT INTO [especializacao] ([id],[nome],[descricao],[id_profissao],[id_magia_grupo],[id_tecnica_grupo]) VALUES (28,'Trilha dos Exploradores',NULL,5,6,-1);
INSERT INTO [especializacao] ([id],[nome],[descricao],[id_profissao],[id_magia_grupo],[id_tecnica_grupo]) VALUES (29,'Trilha dos Guardiões',NULL,5,7,-1);
INSERT INTO [especializacao] ([id],[nome],[descricao],[id_profissao],[id_magia_grupo],[id_tecnica_grupo]) VALUES (30,'Confraria dos Arautos',NULL,6,8,-1);
INSERT INTO [especializacao] ([id],[nome],[descricao],[id_profissao],[id_magia_grupo],[id_tecnica_grupo]) VALUES (31,'Confraria dos Artistas',NULL,6,9,-1);
INSERT INTO [especializacao] ([id],[nome],[descricao],[id_profissao],[id_magia_grupo],[id_tecnica_grupo]) VALUES (32,'Confraria dos Eruditos',NULL,6,10,-1);

INSERT INTO [equipamento_grupos] ([id],[nome]) VALUES (1,'Animais');
INSERT INTO [equipamento_grupos] ([id],[nome]) VALUES (2,'Transportes');
INSERT INTO [equipamento_grupos] ([id],[nome]) VALUES (3,'Residências');
INSERT INTO [equipamento_grupos] ([id],[nome]) VALUES (4,'Material Profissional');
INSERT INTO [equipamento_grupos] ([id],[nome]) VALUES (5,'Miscelâneos');
INSERT INTO [equipamento_grupos] ([id],[nome]) VALUES (6,'Armas');
INSERT INTO [equipamento_grupos] ([id],[nome]) VALUES (7,'Defesas');

INSERT INTO [equipamento_defesa] ([id],[tipo],[valor_inicio],[absorcao]) VALUES (180,'Leve',1,3);
INSERT INTO [equipamento_defesa] ([id],[tipo],[valor_inicio],[absorcao]) VALUES (181,'Média',0,6);
INSERT INTO [equipamento_defesa] ([id],[tipo],[valor_inicio],[absorcao]) VALUES (184,'Pesada',1,15);
INSERT INTO [equipamento_defesa] ([id],[tipo],[valor_inicio],[absorcao]) VALUES (190,NULL,1,3);
INSERT INTO [equipamento_defesa] ([id],[tipo],[valor_inicio],[absorcao]) VALUES (191,NULL,1,5);
INSERT INTO [equipamento_defesa] ([id],[tipo],[valor_inicio],[absorcao]) VALUES (192,NULL,0,1);
INSERT INTO [equipamento_defesa] ([id],[tipo],[valor_inicio],[absorcao]) VALUES (193,NULL,0,2);

INSERT INTO [equipamento_armas] ([id],[id_habilidade],[minima_forca],[minima_dano],[l0],[m0],[p0],[alcance]) VALUES (140,56,-1,5,4,-1,-3,200);
INSERT INTO [equipamento_armas] ([id],[id_habilidade],[minima_forca],[minima_dano],[l0],[m0],[p0],[alcance]) VALUES (141,56,0,5,2,0,-2,160);
INSERT INTO [equipamento_armas] ([id],[id_habilidade],[minima_forca],[minima_dano],[l0],[m0],[p0],[alcance]) VALUES (147,53,0,5,3,0,-3,0);
INSERT INTO [equipamento_armas] ([id],[id_habilidade],[minima_forca],[minima_dano],[l0],[m0],[p0],[alcance]) VALUES (162,59,-1,4,1,3,2,0);
INSERT INTO [equipamento_armas] ([id],[id_habilidade],[minima_forca],[minima_dano],[l0],[m0],[p0],[alcance]) VALUES (165,60,2,6,1,1,4,0);
INSERT INTO [equipamento_armas] ([id],[id_habilidade],[minima_forca],[minima_dano],[l0],[m0],[p0],[alcance]) VALUES (169,51,-4,3,2,-2,-5,20);
INSERT INTO [equipamento_armas] ([id],[id_habilidade],[minima_forca],[minima_dano],[l0],[m0],[p0],[alcance]) VALUES (190,102,0,2,1,-1,-3,0);
INSERT INTO [equipamento_armas] ([id],[id_habilidade],[minima_forca],[minima_dano],[l0],[m0],[p0],[alcance]) VALUES (191,102,1,3,1,0,-3,0);

INSERT INTO [equipamento] ([id],[id_grupo],[nome],[descricao],[image_file],[valor],[arma],[defesa],[armadura],[escudo],[capacete]) VALUES (1,1,'Boi',NULL,NULL,100,0,0,0,0,0);
INSERT INTO [equipamento] ([id],[id_grupo],[nome],[descricao],[image_file],[valor],[arma],[defesa],[armadura],[escudo],[capacete]) VALUES (2,1,'Cão comum',NULL,NULL,50,0,0,0,0,0);
INSERT INTO [equipamento] ([id],[id_grupo],[nome],[descricao],[image_file],[valor],[arma],[defesa],[armadura],[escudo],[capacete]) VALUES (6,1,'Cavalo de guerra leve',NULL,NULL,300,0,0,0,0,0);
INSERT INTO [equipamento] ([id],[id_grupo],[nome],[descricao],[image_file],[valor],[arma],[defesa],[armadura],[escudo],[capacete]) VALUES (20,2,'Carroça',NULL,NULL,120,0,0,0,0,0);
INSERT INTO [equipamento] ([id],[id_grupo],[nome],[descricao],[image_file],[valor],[arma],[defesa],[armadura],[escudo],[capacete]) VALUES (24,2,'Veleiro pequeno',NULL,NULL,200,0,0,0,0,0);
INSERT INTO [equipamento] ([id],[id_grupo],[nome],[descricao],[image_file],[valor],[arma],[defesa],[armadura],[escudo],[capacete]) VALUES (40,3,'Casa confortável',NULL,NULL,800,0,0,0,0,0);
INSERT INTO [equipamento] ([id],[id_grupo],[nome],[descricao],[image_file],[valor],[arma],[defesa],[armadura],[escudo],[capacete]) VALUES (46,3,'Tenda',NULL,NULL,80,0,0,0,0,0);
INSERT INTO [equipamento] ([id],[id_grupo],[nome],[descricao],[image_file],[valor],[arma],[defesa],[armadura],[escudo],[capacete]) VALUES (60,4,'Estojo para Carpinteiros','Cola, entalhadeira, martelo, plaina, pregos, serrote pequeno.',NULL,40,0,0,0,0,0);
INSERT INTO [equipamento] ([id],[id_grupo],[nome],[descricao],[image_file],[valor],[arma],[defesa],[armadura],[escudo],[capacete]) VALUES (63,4,'Material Completo para Trabalho em  Metais','Bigorna, fornalha e estojo para trabalho em metais. Este conjunto não pode ser transportado.',NULL,400,0,0,0,0,0);
INSERT INTO [equipamento] ([id],[id_grupo],[nome],[descricao],[image_file],[valor],[arma],[defesa],[armadura],[escudo],[capacete]) VALUES (80,5,'Símbolo sagrado de madeira',NULL,NULL,1,0,0,0,0,0);
INSERT INTO [equipamento] ([id],[id_grupo],[nome],[descricao],[image_file],[valor],[arma],[defesa],[armadura],[escudo],[capacete]) VALUES (104,5,'Manto com capuz',NULL,NULL,3,0,0,0,0,0);
INSERT INTO [equipamento] ([id],[id_grupo],[nome],[descricao],[image_file],[valor],[arma],[defesa],[armadura],[escudo],[capacete]) VALUES (106,5,'Par de luvas',NULL,NULL,5,0,0,0,0,0);
INSERT INTO [equipamento] ([id],[id_grupo],[nome],[descricao],[image_file],[valor],[arma],[defesa],[armadura],[escudo],[capacete]) VALUES (125,5,'Fechadura complexa',NULL,NULL,50,0,0,0,0,0);
INSERT INTO [equipamento] ([id],[id_grupo],[nome],[descricao],[image_file],[valor],[arma],[defesa],[armadura],[escudo],[capacete]) VALUES (140,6,'Arco composto',NULL,NULL,200,1,0,0,0,0);
INSERT INTO [equipamento] ([id],[id_grupo],[nome],[descricao],[image_file],[valor],[arma],[defesa],[armadura],[escudo],[capacete]) VALUES (141,6,'Arco de Guerra',NULL,'item_arco_de_guerra.png',250,1,0,0,0,0);
INSERT INTO [equipamento] ([id],[id_grupo],[nome],[descricao],[image_file],[valor],[arma],[defesa],[armadura],[escudo],[capacete]) VALUES (147,6,'Espada',NULL,'item_espada.png',200,1,0,0,0,0);
INSERT INTO [equipamento] ([id],[id_grupo],[nome],[descricao],[image_file],[valor],[arma],[defesa],[armadura],[escudo],[capacete]) VALUES (162,6,'Machado de Guerra',NULL,'item_machado_de_guerra.png',110,1,0,0,0,0);
INSERT INTO [equipamento] ([id],[id_grupo],[nome],[descricao],[image_file],[valor],[arma],[defesa],[armadura],[escudo],[capacete]) VALUES (165,6,'Mangüal',NULL,'item_mangual.png',300,1,0,0,0,0);
INSERT INTO [equipamento] ([id],[id_grupo],[nome],[descricao],[image_file],[valor],[arma],[defesa],[armadura],[escudo],[capacete]) VALUES (169,6,'Punhal',NULL,NULL,50,1,0,0,0,0);
INSERT INTO [equipamento] ([id],[id_grupo],[nome],[descricao],[image_file],[valor],[arma],[defesa],[armadura],[escudo],[capacete]) VALUES (180,7,'Couro leve',NULL,NULL,20,0,1,1,0,0);
INSERT INTO [equipamento] ([id],[id_grupo],[nome],[descricao],[image_file],[valor],[arma],[defesa],[armadura],[escudo],[capacete]) VALUES (181,7,'Couro rígido',NULL,'item_couro_rigido.png',80,0,1,1,0,0);
INSERT INTO [equipamento] ([id],[id_grupo],[nome],[descricao],[image_file],[valor],[arma],[defesa],[armadura],[escudo],[capacete]) VALUES (184,7,'Couraça metálica parcial',NULL,NULL,1000,0,1,0,0,0);
INSERT INTO [equipamento] ([id],[id_grupo],[nome],[descricao],[image_file],[valor],[arma],[defesa],[armadura],[escudo],[capacete]) VALUES (190,7,'Escudo pequeno',NULL,NULL,20,1,1,0,1,0);
INSERT INTO [equipamento] ([id],[id_grupo],[nome],[descricao],[image_file],[valor],[arma],[defesa],[armadura],[escudo],[capacete]) VALUES (191,7,'Escudo grande',NULL,'item_escudo_grande.png',150,1,1,0,1,0);
INSERT INTO [equipamento] ([id],[id_grupo],[nome],[descricao],[image_file],[valor],[arma],[defesa],[armadura],[escudo],[capacete]) VALUES (192,7,'Elmo aberto',NULL,NULL,20,0,1,0,0,1);
INSERT INTO [equipamento] ([id],[id_grupo],[nome],[descricao],[image_file],[valor],[arma],[defesa],[armadura],[escudo],[capacete]) VALUES (193,7,'Elmo fechado',NULL,'item_elmo_fechado.png',50,0,1,0,0,1);

INSERT INTO [divindade] ([id],[nome],[dominio]) VALUES (1,'Sevides','agricultura, fertilidade');
INSERT INTO [divindade] ([id],[nome],[dominio]) VALUES (2,'Quiris','plantio');
INSERT INTO [divindade] ([id],[nome],[dominio]) VALUES (3,'Liris','colheita');
INSERT INTO [divindade] ([id],[nome],[dominio]) VALUES (4,'Ganis','água, mar');
INSERT INTO [divindade] ([id],[nome],[dominio]) VALUES (5,'Blator','guerra, conflito');
INSERT INTO [divindade] ([id],[nome],[dominio]) VALUES (6,'Crisagom','honra, estratégia, bravura');
INSERT INTO [divindade] ([id],[nome],[dominio]) VALUES (7,'Crezir','fúria matança, prazer da luta');
INSERT INTO [divindade] ([id],[nome],[dominio]) VALUES (8,'Maira mon','natureza em aspecto mineral');
INSERT INTO [divindade] ([id],[nome],[dominio]) VALUES (9,'Maira vet','natureza em aspecto vegetal');
INSERT INTO [divindade] ([id],[nome],[dominio]) VALUES (10,'Maira nil','natureza em aspecto animal');
INSERT INTO [divindade] ([id],[nome],[dominio]) VALUES (11,'Selimon','paz, amor');
INSERT INTO [divindade] ([id],[nome],[dominio]) VALUES (12,'Lena','prazer erótico e prazer no trabalho');
INSERT INTO [divindade] ([id],[nome],[dominio]) VALUES (13,'Plandis','paixão cega loucura');
INSERT INTO [divindade] ([id],[nome],[dominio]) VALUES (14,'Cambu','diplomacia, comércio, inter-relações');
INSERT INTO [divindade] ([id],[nome],[dominio]) VALUES (15,'Cruine','morte, protetor das almas, reincarnação');
INSERT INTO [divindade] ([id],[nome],[dominio]) VALUES (16,'Palier','conhecimento, magia');
INSERT INTO [divindade] ([id],[nome],[dominio]) VALUES (17,'Parom','artífices');


INSERT INTO [categoria] ([id],[nome],[icon]) VALUES (1,'Agressão','agressao.png');
INSERT INTO [categoria] ([id],[nome],[icon]) VALUES (2,'Ataque','ataque.png');
INSERT INTO [categoria] ([id],[nome],[icon]) VALUES (3,'Perícia','-');
INSERT INTO [categoria] ([id],[nome],[icon]) VALUES (4,'Postura','postura.png');
INSERT INTO [categoria] ([id],[nome],[icon]) VALUES (5,'Precisão','precisao.png');
INSERT INTO [categoria] ([id],[nome],[icon]) VALUES (6,'Proteção','protecao.png');
INSERT INTO [categoria] ([id],[nome],[icon]) VALUES (7,'Suporte','suporte.png');

INSERT INTO [combate_grupo] ([id],[id_pai],[nome]) VALUES (1,-1,'Técnicas de Combate');
INSERT INTO [combate_grupo] ([id],[id_pai],[nome]) VALUES (2,1,'Academia de Infantaria');
INSERT INTO [combate_grupo] ([id],[id_pai],[nome]) VALUES (3,1,'Academia dos Arqueiros');
INSERT INTO [combate_grupo] ([id],[id_pai],[nome]) VALUES (4,1,'Academia dos Cavaleiros');
INSERT INTO [combate_grupo] ([id],[id_pai],[nome]) VALUES (5,1,'Academia dos Gladiadores');	