<?xml version="1.0" encoding="UTF-8"?>

<equipamento>
	<!-- Tipos: Arma, Defesa, Animal, Transporte,
		Residência, Material Profissional, Serviços, Miscelâneos  -->
	<!-- Armas -->
	<item nome="Espada" tipo="Arma">
		<habilidade grupo="CmE"/>
		<manuseio pequenino="2" anao="1" elfo="1" humano="1" forcaMinima="0"/>
		<ataque dano="5" L0="3" M0="0" P0="-3"/>
		<preco ouro="2"/>
	</item>

	<item nome="Arco composto" tipo="Arma">
		<alcance valor="200"/>
		<habilidade grupo="PmA"/>
		<manuseio elfo="2" humano="2" forcaMinima="-1"/>
		<ataque dano="5" L0="4" M0="-1" P0="-3"/>
		<preco ouro="2"/>
	</item>
	
	<!-- Defesas -->
	<item nome="Cota de malha parcial" tipo="Armadura">
		<defesa tipo="Média" valorbase="1" absorcao="9"/>
		<preco ouro="2"/>
	</item>

	<item nome="Escudo pequeno" tipo="Escudo">
		<defesa valorbase="1" absorcao="3"/>
		<manuseio pequenino="1" anao="1" elfo="1" humano="1"/>
		<ataque dano="2" L0="1" M0="-1" P0="-3"/>
		<preco prata="2"/>
	</item>
	
	<item nome="Escudo grande" tipo="Escudo">
		<defesa valorbase="1" absorcao="5"/>
		<manuseio pequenino="2" anao="1" elfo="1" humano="1"/>
		<ataque dano="3" L0="1" M0="0" P0="-3"/>
		<preco prata="15"/>
	</item>

	<item nome="Elmo fechado" tipo="Elmo">
		<defesa absorcao="2"/>
		<preco prata="5"/>
	</item>
	
	<!-- Animal -->
	<!-- Transporte -->
	<!-- Residência -->
	
	<!-- Material Profissional -->
	<item nome="Estojo para Carpinteiros" tipo="Material Profissional">
		<descricao>Cola, entalhadeira, martelo, plaina, pregos, serrote pequeno.
		</descricao>
		<preco prata="4"/>
	</item>
	
	<!-- Serviços -->
	
	<!-- Miscelâneos -->
	<item nome="Símbolo sagrado de madeira" tipo="Miscelâneos">
		<preco cobre="1"/>
	</item>

	<item nome="Símbolo sagrado de ferro" tipo="Miscelâneos">
		<preco prata="1"/>
	</item>

	<item nome="Símbolo sagrado de prata" tipo="Miscelâneos">
		<preco prata="8"/>
	</item>

	<item nome="Símbolo sagrado de ouro" tipo="Miscelâneos">
		<preco ouro="8"/>
	</item>

	<item nome="Água abençoada" tipo="Miscelâneos">
		<preco prata="1"/>
	</item>
	
	<item nome="Caixa metálica" tipo="Miscelâneos">
		<preco prata="5"/>
	</item>
	
	<item nome="Baú de madeira" tipo="Miscelâneos">
		<preco prata="2"/>
	</item>

	<item nome="Cinto" tipo="Miscelâneos">
		<preco cobre="2"/>
	</item>

	<item nome="Capa" tipo="Miscelâneos">
		<preco cobre="2"/>
	</item>
	
	<item nome="Par de botas" tipo="Miscelâneos">
		<preco cobre="6"/>
	</item>

	<item nome="Par de luvas" tipo="Miscelâneos">
		<preco cobre="5"/>
	</item>

</equipamento>
