<?xml version="1.0" encoding="UTF-8"?>

<grimoire>
	<magia nome="Assombração">
		<descricao>Esta magia canaliza uma quantidade de energia negativa e a vincula a um ambiente fechado (casas, torres, castelos...) fazendo com que certos mortos vivos sejam atraídos para o local. Somente mortos vivos incorpóreos (Fantasmas, Assombracoes, Sombras, Espectros...) podem ser atraídos para o local. A quantidade e o tipo de criaturas que irão assombrar o local depende da quantidade de estágios de mortos-vivos que o efeito indicar, assim o efeito de dificuldade 8 poderá atrair 4 sombras menores (3+3+3+3=12) ou em vez disso apenas um espectro maior (12=12). O evocador não tem controle sobre o tipo de criatura que sera atraída para o local (cabe ao mestre decidir quais criaturas serão atraídas para o local de acordo com o número de estágios indicado no efeito).</descricao>
		<evocacao tipo="ritual"/>
		<alcance tipo="variável"/>
		<duracao valor="1 ano e 1 dia"/>
		<efeitos>
	      <efeito nivel="1">Atrai até 2 estágios de mortos-vivos para o local assombrado.</efeito>
	      <efeito nivel="2">Atrai até 3 estágios de mortos-vivos para o local assombrado.</efeito>
	      <efeito nivel="4">Atrai até 6 estágios de mortos-vivos para o local assombrado.</efeito>
	      <efeito nivel="6">Atrai até 9 estágios de mortos-vivos para o local assombrado.</efeito>
	      <efeito nivel="8">Atrai até 12 estágios de mortos-vivos para o local assombrado.</efeito>
	      <efeito nivel="10">Atrai até 15 estágios de mortos-vivos para o local assombrado.</efeito>
		</efeitos>
	</magia>

	<magia nome="Armadura Natural">
		<descricao>Com o uso deste encantamento, o evocador forma em torno de si um campo de energia que o protege de ataques de origem natural.</descricao>
		<evocacao tipo="instantânea"/>
		<alcance tipo="pessoal"/>
		<duracao valor="10 minutos"/>
		<efeitos>
	      <efeito nivel="1">absorve 6 pontos de dano.</efeito>
	      <efeito nivel="2">absorve 12 pontos de dano.</efeito>
	      <efeito nivel="4">absorve 18 pontos de dano.</efeito>
	      <efeito nivel="6">absorve 24 pontos de dano.</efeito>
	      <efeito nivel="8">absorve 30 pontos de dano.</efeito>
	      <efeito nivel="10">absorve 36 pontos de dano.</efeito>
		</efeitos>
	</magia>

</grimoire>
