<?xml version="1.0" encoding="UTF-8"?>

<habilidades>

<grupo nome="Manobra">
   <habilidade nome="Corrida" precisaNivel="sim" 
   				restrita="sim" especializacao="sim">
   <descricao>Basicamente consiste na capacidade de correr mais rapidamente devido a intensivo treinamento. Uma habilidade muito desenvolvida por animais corredores como cavalos, mas também extremamente eficaz quando usada por humanóides.</descricao>
   <dificuldades>
      <dificuldade nivel="Falha">desequilibrio ou contusao causa perda de 2 pontos de Velocidade Base.</dificuldade>
      <dificuldade nivel="Rotineiro">aumenta a VB em 0.</dificuldade>
      <dificuldade nivel="Fácil">aumenta a VB em 2.</dificuldade>
      <dificuldade nivel="Médio">aumenta a VB em 4.</dificuldade>
      <dificuldade nivel="Difícil">aumenta a VB em 6.</dificuldade>
      <dificuldade nivel="Muito Difícil">aumenta a VB em 8.</dificuldade>
      <dificuldade nivel="Absurdo">aumenta a VB em 10.</dificuldade>
   </dificuldades>
   </habilidade>
</grupo>

<grupo nome="Conhecimento">
   <habilidade nome="Venefício" restrita="sim">
   <descricao>Quem possuir esta habilidade terá um conhecimento sobre venenos, incluindo o seu preparo e utilização.</descricao>
   <dificuldades>
      <dificuldade nivel="Falha">desequilíbrio ou contusão causa perda de 2 pontos de Velocidade Base.</dificuldade>
      <dificuldade nivel="Rotineiro">aumenta a VB em 0.</dificuldade>
      <dificuldade nivel="Fácil">aumenta a VB em 2.</dificuldade>
      <dificuldade nivel="Médio">aumenta a VB em 4.</dificuldade>
      <dificuldade nivel="Difícil">aumenta a VB em 6.</dificuldade>
      <dificuldade nivel="Muito Difícil">aumenta a VB em 8.</dificuldade>
      <dificuldade nivel="Absurdo">aumenta a VB em 10.</dificuldade>
   </dificuldades>
   </habilidade>
   
   <habilidade nome="Escrita" restrita="sim">
   <descricao>Escrever</descricao>
   <dificuldades>
      <dificuldade nivel="Falha">Falha.</dificuldade>
      <dificuldade nivel="Rotineiro">Rotineiro.</dificuldade>
      <dificuldade nivel="Fácil">Fácil.</dificuldade>
      <dificuldade nivel="Médio">Médio.</dificuldade>
      <dificuldade nivel="Difícil">Difícil.</dificuldade>
      <dificuldade nivel="Muito Difícil">Muito Difícil.</dificuldade>
      <dificuldade nivel="Absurdo">Absurdo.</dificuldade>
   </dificuldades>
   </habilidade>
</grupo>

</habilidades>
