<?xml version="1.0" encoding="UTF-8"?>

<profissoes>
	<profissao nome="Guerreiro">
		<descricao>Guerreiros fazem a guerra.</descricao>
		<equipamento>
			<item nome="Armadura de couro leve"/>
			<item nome="Escudo pequeno"/>
			<item nome="Arma de dano máximo 16"/>
		</equipamento>
		<posses cobre="5" prata="0" ouro="0"/>
		<EH valor="18"/>
		<habilidades pontos="14" grupoPenalizado="Influência"/>
		<pontosArmas valor="7"/>
		<pontosCombate valor="7"/>
	</profissao>

	<profissao nome="Ladino">
		<descricao>Ladinos fazem ladinagem.</descricao>
		<equipamento>
			<item nome="Escudo pequeno"/>
			<item nome="Manto com capuz"/>
			<item nome="20 metros de corda"/>
			<item nome="Arma de dano máximo 16"/>
		</equipamento>
		<posses cobre="5" prata="0" ouro="0"/>
		<EH valor="12"/>
		<habilidades pontos="22"/>
		<pontosArmas valor="7"/>
		<pontosCombate valor="7"/>
	</profissao>

	<profissao nome="Sacerdote" atributoParaMagia="Carisma">
		<descricao>Sacerdotes oram.</descricao>
		<equipamento>
			<item nome="Símbolo sagrado de ferro"/>
			<item nome="Água abençoada"/>
			<item nome="Manto com capuz"/>
			<item nome="Cinto"/>
			<item nome="Pederneiras"/>
			<item nome="Mochila de couro"/>
			<item nome="Arma de dano máximo 16"/>
		</equipamento>
		<posses cobre="5" prata="0" ouro="0"/>
		<EH valor="12"/>
		<habilidades pontos="12" grupoPenalizado="Subterfúgio" especializacoes="Religião"/>
		<pontosArmas valor="5"/>
		<pontosCombate valor="4"/>
	</profissao>
	
	<profissao nome="Mago" atributoParaMagia="Intelecto">
		<descricao>Magos fazem mágica.</descricao>
		<equipamento>
			<item nome="Manto com capuz"/>
			<item nome="Cinto"/>
			<item nome="Pederneiras"/>
			<item nome="Mochila de couro"/>
			<item nome="Pena e tinta"/>
			<item nome="Pergaminho"/>
			<item nome="Arma de dano máximo 16"/>
		</equipamento>
		<posses cobre="5" prata="0" ouro="0"/>
		<EH valor="6"/>
		<habilidades pontos="12" grupoPenalizado="Manobra" especializacoes="Misticismo"/>
		<pontosArmas valor="5"/>
		<pontosCombate valor="4"/>
	</profissao>
	
	<profissao nome="Rastreador" atributoParaMagia="Percepção">
		<descricao>Rastreadores seguem trilhas.</descricao>
		<equipamento>
			<item nome="Armadura de couro leve"/>
			<item nome="Cinto"/>
			<item nome="Pederneiras"/>
			<item nome="Capa"/>
			<item nome="Par de luvas"/>
			<item nome="Par de botas"/>
			<item nome="Arma de dano máximo 16"/>
		</equipamento>
		<posses cobre="5" prata="0" ouro="0"/>
		<EH valor="15"/>
		<habilidades pontos="14" grupoPenalizado="Profissional" especializacoes="Sobrevivência"/>
		<pontosArmas valor="5"/>
		<pontosCombate valor="4"/>
	</profissao>

	<profissao nome="Bardo" atributoParaMagia="Carisma">
		<descricao>Bardos contam histórias.</descricao>
		<equipamento>
			<item nome="Cinto"/>
			<item nome="Mochila de couro"/>
			<item nome="Capa"/>
			<item nome="Par de botas"/>
			<item nome="Instrumento musical"/>
			<item nome="Arma de dano máximo 16"/>
		</equipamento>
		<posses cobre="5" prata="0" ouro="0"/>
		<EH valor="9"/>
		<habilidades pontos="16" especializacoes="Arte,Etiqueta"/>
		<pontosArmas valor="5"/>
		<pontosCombate valor="4"/>
	</profissao>
</profissoes>
