<?xml version="1.0" encoding="UTF-8"?>

<racas>
	<raca nome="Humano" imagem="humano.png">
		<descricao>Os de sempre...
</descricao>
		<velocidadeBase valor="18"/>
		<EF valor="14"/>
		<altura valor="177"/>
		<peso valor="77"/>
		<idade min="16" max="25"/>
	</raca>

	<raca nome="Meio-elfo" imagem="meio-elfo.png">
		<descricao>Metade elfo metade humano.
</descricao>
		<bonusAtributos>
			<carisma valor="+1"/>
		</bonusAtributos>
		<velocidadeBase valor="17"/>
		<EF valor="13"/>
		<altura valor="168"/>
		<peso valor="69"/>
		<idade min="25" max="100"/>
	</raca>
	
	<raca nome="Elfo Florestal" imagem="eflorestal.png">
		<descricao>Gosta de florestas.
</descricao>
		<bonusAtributos>
			<intelecto valor="+1"/>
			<fisico valor="-1"/>
			<agilidade valor="+1"/>
			<percepcao valor="+1"/>
		</bonusAtributos>
		<velocidadeBase valor="16"/>
		<EF valor="12"/>
		<altura valor="163"/>
		<peso valor="53"/>
		<idade min="25" max="300"/>
	</raca>
	
	<raca nome="Elfo Dourado" imagem="edourado.png">
		<descricao>É amarelado.
</descricao>
		<bonusAtributos>
			<intelecto valor="+1"/>
			<aura valor="+1"/>
			<carisma valor="+1"/>
			<forca valor="-1"/>
			<fisico valor="-1"/>
			<agilidade valor="+1"/>
		</bonusAtributos>
		<velocidadeBase valor="16"/>
		<EF valor="12"/>
		<altura valor="163"/>
		<peso valor="53"/>
		<idade min="25" max="300"/>
	</raca>

	<raca nome="Anão" imagem="anao.png">
		<descricao>Os anões são uma raça de seres humanóides de baixa estatura, fisicamente semelhantes a seres humanos excepcionalmente baixos e atarracados, tendo uma média de 1,3 metros de altura. A aparência dos anões engana pois, apesar de sua baixa estatura, eles costumam ser mais fortes e mais resistentes que os humanos.
Os anões costumam viver em cidades construídas sob a terra, geralmente no interior de montanhas. Devido a essa vida na escuridão, essa raça desenvolveu a capacidade de ver perfeitamente em ambientes com pouquíssima luz.
</descricao>
		<profissoesIndisponiveis>
			<profissao nome="Mago"/>
			<profissao nome="Bardo"/>
			<profissao nome="Rastreador"/>
		</profissoesIndisponiveis>
		<bonusAtributos>
			<aura valor="-1"/>
			<forca valor="+1"/>
			<fisico valor="+2"/>
			<agilidade valor="-1"/>
		</bonusAtributos>
		<velocidadeBase valor="14"/>
		<EF valor="12"/>
		<idade min="25" max="100"/>
		<altura valor="139"/>
		<peso valor="53"/>
	</raca>

	<raca nome="Pequenino" imagem="pequenino.png">
		<descricao>Os pequeninos são uma raça de humanóides de pequena estatura. Fisicamente, eles se assemelham muito aos seres humanos, exceto na escala: têm, em média, 1,10 metros de altura, e os pés desproporcionalmente grandes e peludos.
Os pequeninos são um povo amante da paz, que via de regra prefere viver em seus povoados e são, como raça, bastante tímidos. Suas comunidades são difíceis de se localizar devido à excelente camuflagem; se um personagem, no entanto, é aceito, o povo pequeno se revela hospitaleiro e alegre.
</descricao>
		<profissoesIndisponiveis>
			<profissao nome="Mago"/>
			<profissao nome="Bardo"/>
			<profissao nome="Rastreador"/>
		</profissoesIndisponiveis>
		<bonusAtributos>
			<forca valor="-2"/>
			<fisico valor="+1"/>
			<agilidade valor="+2"/>
			<percepcao valor="+1"/>
		</bonusAtributos>
		<velocidadeBase valor="12"/>
		<EF valor="11"/>
		<altura valor="114"/>
		<peso valor="30"/>
		<idade min="16" max="25"/>
	</raca>
</racas>
