<?xml version="1.0" encoding="UTF-8"?>
<atlas imagem="tagmar-mapa.png" escala="0.9">
<marcozero x="876" y="2765"/>

<reino nome="Calco" imagem="calco.png">
	<citacao autor="Egelon Martine, Conselheiro e Diplomata de Calco">Quer vir para Calco? Sim, pois então espere paz, prosperidade e boa educação, mas lembre-se: ser cidadão é participar, e participar de um reino como Calco, um modelo aos demais reinos menos civilizados. Por isso cidadão, seja bem-vindo e a partir de agora seja um modelo de civilidade.
	</citacao>

	<cidades>
		<cidade nome="Saravossa" tipo="capital">
			<descricao>Cidade
			</descricao>
			<area tipo="ponto">
				<coordenadas x="-177" y="2475"/>
			</area>
		</cidade>

		<cidade nome="Malocai">
			<descricao>Cidade
			</descricao>
			<area tipo="ponto">
				<coordenadas x="-107" y="2501"/>
			</area>
		</cidade>
		<cidade nome="Carom">
			<descricao>Cidade
			</descricao>
			<area tipo="ponto">
				<coordenadas x="-82" y="2466"/>
			</area>
		</cidade>

		<cidade nome="Bassani">
			<descricao>Cidade
			</descricao>
			<area tipo="ponto">
				<coordenadas x="-241" y="2442"/>
			</area>
		</cidade>
		<cidade nome="Torojai">
			<descricao>Cidade
			</descricao>
			<area tipo="ponto">
				<coordenadas x="-195" y="2410"/>
			</area>
		</cidade>
		<cidade nome="Saupami">
			<descricao>Cidade
			</descricao>
			<area tipo="ponto">
				<coordenadas x="-133" y="2374"/>
			</area>
		</cidade>
		<cidade nome="Tória">
			<descricao>Cidade
			</descricao>
			<area tipo="ponto">
				<coordenadas x="-164" y="2272"/>
			</area>
		</cidade>
		<cidade nome="Abrasil">
			<descricao>Cidade
			</descricao>
			<area tipo="ponto">
				<coordenadas x="-122" y="2306"/>
			</area>
		</cidade>
	</cidades>


	<area tipo="poligono">
		<coordenadas x="-254" y="2436"/>
		<coordenadas x="-186" y="2496"/>
		<coordenadas x="-105" y="2506"/>
		<coordenadas x="-67" y="2490"/>
		<coordenadas x="-68" y="2450"/>
		<coordenadas x="-60" y="2441"/>
		<coordenadas x="-8" y="2430"/>
		<coordenadas x="-1" y="2420"/>
		<coordenadas x="-2" y="2403"/>
		<coordenadas x="-13" y="2396"/>
		<coordenadas x="-42" y="2390"/>
		<coordenadas x="-92" y="2346"/>
		<coordenadas x="-84" y="2317"/>
		<coordenadas x="-92" y="2300"/>
		<coordenadas x="-106" y="2285"/>
		<coordenadas x="-150" y="2261"/>
		<coordenadas x="-185" y="2267"/>
		<coordenadas x="-215" y="2297"/>
		<coordenadas x="-242" y="2328"/>
		<coordenadas x="-234" y="2377"/>
	</area>

</reino>

<reino nome="Abadom" imagem="abadom.png">
	<citacao autor="Eleriom BraçoForte, líder de Fleuter">Sobrevivência, filho, essa é a chave do sucesso em Abadom, pois aqui o que valem são as leis da natureza, onde o forte prevalece sobre o fraco, só com esse pensamento, filho, é possível ainda continuar a vida em Abadom, lembre-se disso pois é a única lição que terá antes de se tornar um adulto.
	</citacao>
	<cidades>
		<cidade nome="Fleuter">
			<descricao>Cidade
			</descricao>
			<area tipo="ponto">
				<coordenadas x="-168" y="1917"/>
			</area>
		</cidade>

		<!-- Sem coordenadas
		<cidade nome="Deiamom" tipo="capital">
			<descricao>Cidade
			</descricao>
			<area tipo="ponto">
				<coordenadas x="-51" y="1473"/>
			</area>
		</cidade>
		<cidade nome="Tronum">
			<descricao>Cidade
			</descricao>
			<area tipo="ponto">
				<coordenadas x="-51" y="1473"/>
			</area>
		</cidade>
		<cidade nome="Ferco">
			<descricao>Cidade
			</descricao>
			<area tipo="ponto">
				<coordenadas x="-51" y="1473"/>
			</area>
		</cidade>
		<cidade nome="Vila nômade de Anguinadar">
			<descricao>Cidade
			</descricao>
			<area tipo="ponto">
				<coordenadas x="-51" y="1473"/>
			</area>
		</cidade>
		-->
	</cidades>

	<area tipo="poligono">
		<coordenadas x="-530" y="2150"/>
		<coordenadas x="-485" y="2164"/>
		<coordenadas x="-475" y="2180"/>
		<coordenadas x="-457" y="2182"/>
		<coordenadas x="-437" y="2200"/>
		<coordenadas x="-334" y="2205"/>
		<coordenadas x="-337" y="2142"/>
		<coordenadas x="-297" y="2110"/>
		<coordenadas x="-238" y="2090"/>
		<coordenadas x="-235" y="2071"/>
		<coordenadas x="-243" y="2048"/>
		<coordenadas x="-224" y="1980"/>
		<coordenadas x="-192" y="1996"/>
		<coordenadas x="-173" y="2014"/>
		<coordenadas x="-152" y="2014"/>
		<coordenadas x="-141" y="1996"/>
		<coordenadas x="-150" y="1946"/>
		<coordenadas x="-157" y="1921"/>
		<coordenadas x="-150" y="1883"/>
		<coordenadas x="-162" y="1868"/>
		<coordenadas x="-208" y="1912"/>
		<coordenadas x="-282" y="1916"/>
		<coordenadas x="-330" y="1883"/>
		<coordenadas x="-352" y="1844"/>
		<coordenadas x="-354" y="1817"/>
		<coordenadas x="-378" y="1838"/>
		<coordenadas x="-417" y="1883"/>
		<coordenadas x="-464" y="1908"/>
		<coordenadas x="-485" y="1914"/>
		<coordenadas x="-492" y="1936"/>
		<coordenadas x="-471" y="1957"/>
		<coordenadas x="-470" y="1997"/>
		<coordenadas x="-488" y="2048"/>
	</area>

</reino>
-->
<reino nome="Plana">

	<area tipo="poligono">

		<coordenadas x="-263" y="2438"/>
		<coordenadas x="-236" y="2380"/>
		<coordenadas x="-244" y="2333"/>
		<coordenadas x="-226" y="2306"/>
		<coordenadas x="-194" y="2278"/>
		<coordenadas x="-187" y="2235"/>
		<coordenadas x="-193" y="2183"/>
		<coordenadas x="-206" y="2181"/>
		<coordenadas x="-208" y="2165"/>
		<coordenadas x="-236" y="2094"/>
		<coordenadas x="-292" y="2110"/>
		<coordenadas x="-314" y="2130"/>
		<coordenadas x="-335" y="2144"/>
		<coordenadas x="-331" y="2264"/>
		<coordenadas x="-352" y="2265"/>
		<coordenadas x="-367" y="2278"/>
		<coordenadas x="-391" y="2278"/>
		<coordenadas x="-400" y="2288"/>
		<coordenadas x="-410" y="2284"/>
		<coordenadas x="-457" y="2316"/>
		<coordenadas x="-436" y="2325"/>
		<coordenadas x="-430" y="2344"/>
		<coordenadas x="-404" y="2370"/>
		<coordenadas x="-377" y="2374"/>
		<coordenadas x="-353" y="2392"/>
		<coordenadas x="-317" y="2416"/>
		<coordenadas x="-293" y="2427"/>
	</area>

</reino>

<reino nome="Acordo">

	<area tipo="poligono">
		<coordenadas x="-530" y="2152"/>
		<coordenadas x="-485" y="2165"/>
		<coordenadas x="-477" y="2180"/>
		<coordenadas x="-460" y="2183"/>
		<coordenadas x="-440" y="2204"/>
		<coordenadas x="-334" y="2207"/>
		<coordenadas x="-332" y="2262"/>
		<coordenadas x="-354" y="2265"/>
		<coordenadas x="-366" y="2275"/>
		<coordenadas x="-394" y="2278"/>
		<coordenadas x="-402" y="2287"/>
		<coordenadas x="-410" y="2281"/>
		<coordenadas x="-418" y="2287"/>
		<coordenadas x="-461" y="2315"/>
		<coordenadas x="-481" y="2302"/>
		<coordenadas x="-514" y="2266"/>
		<coordenadas x="-530" y="2237"/>
		<coordenadas x="-531" y="2211"/>
		<coordenadas x="-547" y="2201"/>
		<coordenadas x="-538" y="2175"/>
	</area>

</reino>

<reino nome="Porto Livre">

	<citacao autor="Fulano">Porto Livre é legal.
	</citacao>

	<cidades>
		<cidade nome="Quessedir">
			<descricao>Cidade
			</descricao>
			<area tipo="ponto">
				<coordenadas x="746" y="2225"/>
			</area>
		</cidade>
	</cidades>

	<area tipo="poligono">
		<coordenadas x="732" y="2297"/>
		<coordenadas x="674" y="2258"/>
		<coordenadas x="658" y="2225"/>
		<coordenadas x="665" y="2213"/>
		<coordenadas x="676" y="2212"/>
		<coordenadas x="700" y="2194"/>
		<coordenadas x="704" y="2158"/>
		<coordenadas x="717" y="2136"/>
		<coordenadas x="713" y="2107"/>
		<coordenadas x="737" y="2087"/>
		<coordenadas x="740" y="2071"/>
		<coordenadas x="746" y="2065"/>
		<coordenadas x="743" y="2042"/>
		<coordenadas x="752" y="2031"/>
		<coordenadas x="791" y="2058"/>
		<coordenadas x="803" y="2074"/>
		<coordenadas x="797" y="2152"/>
		<coordenadas x="772" y="2214"/>
		<coordenadas x="754" y="2266"/>
		<coordenadas x="742" y="2292"/>
	</area>

</reino>

<reino nome="Azanti">

	<cidades>
		<cidade nome="Zanta">
			<descricao>Cidade
			</descricao>
			<area tipo="ponto">
				<coordenadas x="261" y="2331"/>
			</area>
		</cidade>
		<cidade nome="Grabo">
			<descricao>Cidade
			</descricao>
			<area tipo="ponto">
				<coordenadas x="318" y="2322"/>
			</area>
		</cidade>
		<cidade nome="Mirval">
			<descricao>Cidade
			</descricao>
			<area tipo="ponto">
				<coordenadas x="268" y="2301"/>
			</area>
		</cidade>
	</cidades>

	<area tipo="poligono">
		<coordenadas x="212" y="2361"/>
		<coordenadas x="270" y="2368"/>
		<coordenadas x="310" y="2356"/>
		<coordenadas x="352" y="2334"/>
		<coordenadas x="301" y="2300"/>
		<coordenadas x="261" y="2291"/>
		<coordenadas x="178" y="2321"/>
	</area>
</reino>

<reino nome="Dantsen">

	<area tipo="poligono">
		<coordenadas x="222" y="1655"/>
		<coordenadas x="225" y="1683"/>
		<coordenadas x="252" y="1695"/>
		<coordenadas x="293" y="1682"/>
		<coordenadas x="320" y="1656"/>
		<coordenadas x="353" y="1636"/>
		<coordenadas x="408" y="1586"/>
		<coordenadas x="436" y="1570"/>
		<coordenadas x="452" y="1553"/>
		<coordenadas x="446" y="1526"/>
		<coordenadas x="488" y="1512"/>
		<coordenadas x="550" y="1467"/>
		<coordenadas x="576" y="1436"/>
		<coordenadas x="585" y="1420"/>
		<coordenadas x="610" y="1423"/>
		<coordenadas x="625" y="1406"/>
		<coordenadas x="640" y="1413"/>
		<coordenadas x="664" y="1388"/>
		<coordenadas x="711" y="1325"/>
		<coordenadas x="665" y="1295"/>
		<coordenadas x="523" y="1231"/>
		<coordenadas x="514" y="1236"/>
		<coordenadas x="493" y="1263"/>
		<coordenadas x="400" y="1332"/>
		<coordenadas x="358" y="1346"/>
		<coordenadas x="335" y="1372"/>
		<coordenadas x="331" y="1412"/>
		<coordenadas x="356" y="1458"/>
		<coordenadas x="384" y="1478"/>
		<coordenadas x="385" y="1514"/>
		<coordenadas x="303" y="1584"/>
		<coordenadas x="272" y="1598"/>
		<coordenadas x="244" y="1612"/>
	</area>
</reino>

<reino nome="As Cidades">

	<cidades>
		<cidade nome="Pino">
			<descricao>Cidade
			</descricao>

			<area tipo="ponto">
				<coordenadas x="131" y="2566"/>
			</area>
		</cidade>

		<cidade nome="Novo Porto">
			<descricao>Cidade
			</descricao>

			<area tipo="ponto">
				<coordenadas x="325" y="2626"/>
			</area>
		</cidade>

		<cidade nome="Quizes">
			<descricao>Cidade
			</descricao>

			<area tipo="ponto">
				<coordenadas x="195" y="2502"/>
			</area>
		</cidade>

		<cidade nome="Torbel">
			<descricao>Cidade
			</descricao>

			<area tipo="ponto">
				<coordenadas x="478" y="2550"/>
			</area>
		</cidade>

		<cidade nome="Estepe">
			<descricao>Cidade
			</descricao>

			<area tipo="ponto">
				<coordenadas x="588" y="2401"/>
			</area>
		</cidade>
	</cidades>

	<area tipo="poligono">
		<coordenadas x="63" y="2556"/>
		<coordenadas x="52" y="2534"/>
		<coordenadas x="71" y="2515"/>
		<coordenadas x="74" y="2480"/>
		<coordenadas x="91" y="2472"/>
		<coordenadas x="92" y="2450"/>
		<coordenadas x="107" y="2432"/>
		<coordenadas x="112" y="2407"/>
		<coordenadas x="141" y="2394"/>
		<coordenadas x="156" y="2381"/>
		<coordenadas x="206" y="2362"/>
		<coordenadas x="270" y="2368"/>
		<coordenadas x="306" y="2358"/>
		<coordenadas x="353" y="2335"/>
		<coordenadas x="360" y="2336"/>
		<coordenadas x="431" y="2320"/>
		<coordenadas x="424" y="2362"/>
		<coordenadas x="434" y="2377"/>
		<coordenadas x="473" y="2382"/>
		<coordenadas x="510" y="2391"/>
		<coordenadas x="538" y="2394"/>
		<coordenadas x="567" y="2377"/>
		<coordenadas x="613" y="2368"/>
		<coordenadas x="665" y="2403"/>
		<coordenadas x="668" y="2463"/>
		<coordenadas x="613" y="2507"/>
		<coordenadas x="554" y="2553"/>
		<coordenadas x="445" y="2590"/>
		<coordenadas x="391" y="2593"/>
		<coordenadas x="346" y="2632"/>
		<coordenadas x="310" y="2641"/>
		<coordenadas x="272" y="2637"/>
		<coordenadas x="214" y="2626"/>
		<coordenadas x="205" y="2603"/>
		<coordenadas x="166" y="2597"/>
		<coordenadas x="126" y="2576"/>
		<coordenadas x="98" y="2563"/>	
	</area>
</reino>

<cidade nome="Muli">

	<descricao>Cidade
	</descricao>

	<area tipo="ponto">
		<coordenadas x="-36" y="2507"/>
	</area>

</cidade>

<cidade nome="Treva">

	<descricao>Cidade
	</descricao>

	<area tipo="ponto">
		<coordenadas x="189" y="1582"/>
	</area>

</cidade>

<regiao nome="Dartel">
	<descricao>Dartel existe!
	</descricao>

	<area tipo="circulo">
		<coordenadas x="-251" y="1815" raio="102"/>
	</area>
</regiao>

<ilha nome="A Ilha">
	<descricao>A Ilha fica no meio do Lago Denégrio.
	</descricao>

	<area tipo="circulo">
		<coordenadas x="-64" y="2052" raio="44"/>
	</area>
</ilha>

<agua nome="Lago Denégrio">
	<descricao>É grande.
	</descricao>

	<area tipo="poligono">
		<coordenadas x="-186" y="2263"/>
		<coordenadas x="-185" y="2228"/>
		<coordenadas x="-234" y="2090"/>
		<coordenadas x="-232" y="2072"/>
		<coordenadas x="-240" y="2048"/>
		<coordenadas x="-222" y="1986"/>
		<coordenadas x="-173" y="2017"/>
		<coordenadas x="-152" y="2020"/>
		<coordenadas x="-140" y="1998"/>
		<coordenadas x="-154" y="1922"/>
		<coordenadas x="-147" y="1887"/>
		<coordenadas x="-152" y="1872"/>
		<coordenadas x="-137" y="1870"/>
		<coordenadas x="-90" y="1835"/>
		<coordenadas x="-80" y="1845"/>
		<coordenadas x="5" y="1846"/>
		<coordenadas x="52" y="1838"/>
		<coordenadas x="93" y="1805"/>
		<coordenadas x="120" y="1820"/>
		<coordenadas x="106" y="1828"/>
		<coordenadas x="71" y="1884"/>
		<coordenadas x="97" y="1936"/>
		<coordenadas x="117" y="1953"/>
		<coordenadas x="123" y="2001"/>
		<coordenadas x="64" y="2061"/>
		<coordenadas x="75" y="2115"/>
		<coordenadas x="58" y="2130"/>
		<coordenadas x="60" y="2162"/>
		<coordenadas x="34" y="2184"/>
		<coordenadas x="18" y="2165"/>
		<coordenadas x="4" y="2171"/>
		<coordenadas x="8" y="2188"/>
		<coordenadas x="-11" y="2196"/>
		<coordenadas x="-23" y="2216"/>
		<coordenadas x="-48" y="2206"/>
		<coordenadas x="-113" y="2213"/>
		<coordenadas x="-150" y="2240"/>
		<coordenadas x="-160" y="2258"/>
		<coordenadas x="-184" y="2263"/>
	</area>
</agua>

<regiao nome="Campo Branco">
	<descricao>Ossos.
	</descricao>

	<area tipo="poligono">
		<coordenadas x="-524" y="1605"/>
		<coordenadas x="-418" y="1738"/>
		<coordenadas x="-395" y="1743"/>
		<coordenadas x="-347" y="1721"/>
		<coordenadas x="-313" y="1666"/>
		<coordenadas x="-315" y="1601"/>
		<coordenadas x="-335" y="1546"/>
		<coordenadas x="-366" y="1524"/>
		<coordenadas x="-462" y="1520"/>
		<coordenadas x="-490" y="1527"/>
		<coordenadas x="-507" y="1544"/>
	</area>
</regiao>

<regiao nome="Lar">
	<descricao>Reino Élfico.
	</descricao>

	<area tipo="poligono">
		<coordenadas x="-635" y="931"/>
		<coordenadas x="-633" y="958"/>
		<coordenadas x="-616" y="971"/>
		<coordenadas x="-590" y="968"/>
		<coordenadas x="-564" y="936"/>
		<coordenadas x="-558" y="931"/>
		<coordenadas x="-531" y="924"/>
		<coordenadas x="-488" y="883"/>
		<coordenadas x="-482" y="857"/>
		<coordenadas x="-433" y="813"/>
		<coordenadas x="-412" y="814"/>
		<coordenadas x="-376" y="795"/>
		<coordenadas x="-281" y="772"/>
		<coordenadas x="-346" y="687"/>
		<coordenadas x="-447" y="574"/>
		<coordenadas x="-563" y="548"/>
		<coordenadas x="-652" y="562"/>
		<coordenadas x="-732" y="710"/>
		<coordenadas x="-712" y="716"/>
		<coordenadas x="-703" y="704"/>
		<coordenadas x="-631" y="744"/>
		<coordenadas x="-625" y="768"/>
		<coordenadas x="-590" y="797"/>
		<coordenadas x="-592" y="818"/>
		<coordenadas x="-584" y="846"/>
		<coordenadas x="-568" y="870"/>
	</area>
</regiao>

<floresta nome="Âmien">
	<descricao>Elfos vivem na Floresta de Âmien.
	</descricao>

	<area tipo="poligono">
		<coordenadas x="-213" y="1463"/>
		<coordenadas x="-202" y="1536"/>
		<coordenadas x="-184" y="1551"/>
		<coordenadas x="-153" y="1557"/>
		<coordenadas x="-123" y="1553"/>
		<coordenadas x="-108" y="1563"/>
		<coordenadas x="-11" y="1551"/>
		<coordenadas x="21" y="1562"/>
		<coordenadas x="32" y="1577"/>
		<coordenadas x="66" y="1591"/>
		<coordenadas x="116" y="1564"/>
		<coordenadas x="124" y="1466"/>
		<coordenadas x="70" y="1447"/>
		<coordenadas x="52" y="1427"/>
		<coordenadas x="63" y="1395"/>
		<coordenadas x="60" y="1380"/>
		<coordenadas x="43" y="1364"/>
		<coordenadas x="-111" y="1303"/>
		<coordenadas x="-145" y="1314"/>
		<coordenadas x="-160" y="1342"/>
		<coordenadas x="-190" y="1372"/>
		<coordenadas x="-194" y="1413"/>
	</area>
</floresta>

<floresta nome="Gironde">
	<descricao>Floresta de Gironde.
	</descricao>

	<area tipo="poligono">
		<coordenadas x="275" y="1983"/>
		<coordenadas x="366" y="1983"/>
		<coordenadas x="415" y="2005"/>
		<coordenadas x="418" y="2054"/>
		<coordenadas x="410" y="2076"/>
		<coordenadas x="396" y="2081"/>
		<coordenadas x="395" y="2104"/>
		<coordenadas x="375" y="2122"/>
		<coordenadas x="342" y="2124"/>
		<coordenadas x="335" y="2111"/>
		<coordenadas x="317" y="2110"/>
		<coordenadas x="290" y="2128"/>
		<coordenadas x="252" y="2120"/>
		<coordenadas x="252" y="2110"/>
		<coordenadas x="260" y="2105"/>
		<coordenadas x="253" y="2100"/>
		<coordenadas x="232" y="2062"/>
		<coordenadas x="228" y="2036"/>
		<coordenadas x="250" y="1996"/>
	</area>
</floresta>

<regiao nome="A Geleira">
	<descricao>Frio cortante.
	</descricao>

	<area tipo="poligono">
		<coordenadas x="-377" y="460"/>
		<coordenadas x="-156" y="631"/>
		<coordenadas x="66" y="644"/>
		<coordenadas x="287" y="587"/>
		<coordenadas x="335" y="576"/>
		<coordenadas x="356" y="557"/>
		<coordenadas x="370" y="563"/>
		<coordenadas x="388" y="602"/>
		<coordenadas x="416" y="597"/>
		<coordenadas x="432" y="570"/>
		<coordenadas x="441" y="522"/>
		<coordenadas x="371" y="493"/>
		<coordenadas x="324" y="415"/>
		<coordenadas x="351" y="376"/>
		<coordenadas x="313" y="270"/>
		<coordenadas x="160" y="256"/>
		<coordenadas x="-101" y="321"/>
		<coordenadas x="-107" y="347"/>
		<coordenadas x="-295" y="356"/>
		<coordenadas x="-361" y="393"/>
		<coordenadas x="-385" y="434"/>
	</area>
</regiao>


<lugar nome="Domo de Arminus">
	<descricao>O Domo de Arminus aquece uma pequena região ao sul da Geleira.
	</descricao>
	
	<area tipo="circulo">
		<coordenadas x="0" y="10" raio="12"/>
	</area>
</lugar>

<montanha nome="A Forja">
	<descricao>Grande Vulcão do Reino dos Anões</descricao>
	
	<area tipo="circulo">
		<coordenadas x="-245" y="210" raio="30"/>
	</area>
</montanha>

<cidade nome="Telas">

	<descricao>Cidade
	</descricao>

	<area tipo="ponto">
		<coordenadas x="0" y="-9"/>
	</area>

</cidade>

</atlas>
